Date,"Total Users","Full Members",Guests,"Daily Active Users","Daily Users Posting Messages","Weekly Active Users","Weekly Users Posting Messages","Messages in Public Channels","Messages in Private Channels","Messages in Shared Channels","Messages in DMs","% of Messages Posted in Public Channels","% of Messages Posted in Private Channels","% of Messages Posted in DMs","% of Messages Read in Public Channels","% of Messages Read in Private Channels","% of Messages Read in DMs",Name,"Public Workspace Channels","Messages Posted"
2016-01-04,0,0,0,2,2,0,0,78,0,0,1,0.9873,0,0.0127,0,0,0,0,0,0
2016-01-05,0,0,0,2,2,0,0,1,0,0,6,0.1429,0,0.8571,0,0,0,0,0,0
2016-01-06,0,0,0,1,0,0,0,0,0,0,0,0,0,0,0,0,0,0,0,0
2016-01-07,0,0,0,0,0,0,0,0,0,0,0,0,0,0,0,0,0,0,0,0
2016-01-08,0,0,0,0,0,0,0,0,0,0,0,0,0,0,0,0,0,0,0,0
2016-01-09,0,0,0,0,0,0,0,0,0,0,0,0,0,0,0,0,0,0,0,0
2016-01-10,0,0,0,0,0,0,0,0,0,0,0,0,0,0,0,0,0,0,0,0
2016-01-11,0,0,0,0,0,0,0,0,0,0,0,0,0,0,0,0,0,0,0,0
2016-01-12,0,0,0,0,0,0,0,0,0,0,0,0,0,0,0,0,0,0,0,0
2016-01-13,0,0,0,0,0,0,0,0,0,0,0,0,0,0,0,0,0,0,0,0
2016-01-14,0,0,0,0,0,0,0,0,0,0,0,0,0,0,0,0,0,0,0,0
2016-01-15,0,0,0,0,0,0,0,0,0,0,0,0,0,0,0,0,0,0,0,0
2016-01-16,0,0,0,0,0,0,0,0,0,0,0,0,0,0,0,0,0,0,0,0
2016-01-17,0,0,0,0,0,0,0,0,0,0,0,0,0,0,0,0,0,0,0,0
2016-01-18,0,0,0,0,0,0,0,0,0,0,0,0,0,0,0,0,0,0,0,0
2016-01-19,0,0,0,0,0,0,0,0,0,0,0,0,0,0,0,0,0,0,0,0
2016-01-20,0,0,0,0,0,0,0,0,0,0,0,0,0,0,0,0,0,0,0,0
2016-01-21,0,0,0,0,0,0,0,0,0,0,0,0,0,0,0,0,0,0,0,0
2016-01-22,0,0,0,0,0,0,0,0,0,0,0,0,0,0,0,0,0,0,0,0
2016-01-23,0,0,0,0,0,0,0,0,0,0,0,0,0,0,0,0,0,0,0,0
2016-01-24,0,0,0,0,0,0,0,0,0,0,0,0,0,0,0,0,0,0,0,0
2016-01-25,0,0,0,0,0,0,0,0,0,0,0,0,0,0,0,0,0,0,0,0
2016-01-26,0,0,0,0,0,0,0,0,0,0,0,0,0,0,0,0,0,0,0,0
2016-01-27,0,0,0,0,0,0,0,0,0,0,0,0,0,0,0,0,0,0,0,0
2016-01-28,0,0,0,0,0,0,0,0,0,0,0,0,0,0,0,0,0,0,0,0
2016-01-29,0,0,0,0,0,0,0,0,0,0,0,0,0,0,0,0,0,0,0,0
2016-01-30,0,0,0,0,0,0,0,0,0,0,0,0,0,0,0,0,0,0,0,0
2016-01-31,0,0,0,0,0,0,0,0,0,0,0,0,0,0,0,0,0,0,0,0
2016-02-01,0,0,0,0,0,0,0,0,0,0,0,0,0,0,0,0,0,0,0,0
2016-02-02,0,0,0,0,0,0,0,0,0,0,0,0,0,0,0,0,0,0,0,0
2016-02-03,0,0,0,0,0,0,0,0,0,0,0,0,0,0,0,0,0,0,0,0
2016-02-04,0,0,0,0,0,0,0,0,0,0,0,0,0,0,0,0,0,0,0,0
2016-02-05,0,0,0,0,0,0,0,0,0,0,0,0,0,0,0,0,0,0,0,0
2016-02-06,0,0,0,0,0,0,0,0,0,0,0,0,0,0,0,0,0,0,0,0
2016-02-07,0,0,0,0,0,0,0,0,0,0,0,0,0,0,0,0,0,0,0,0
2016-02-08,0,0,0,0,0,0,0,0,0,0,0,0,0,0,0,0,0,0,0,0
2016-02-09,0,0,0,0,0,0,0,0,0,0,0,0,0,0,0,0,0,0,0,0
2016-02-10,0,0,0,0,0,0,0,0,0,0,0,0,0,0,0,0,0,0,0,0
2016-02-11,0,0,0,0,0,0,0,0,0,0,0,0,0,0,0,0,0,0,0,0
2016-02-12,0,0,0,0,0,0,0,0,0,0,0,0,0,0,0,0,0,0,0,0
2016-02-13,0,0,0,0,0,0,0,0,0,0,0,0,0,0,0,0,0,0,0,0
2016-02-14,0,0,0,0,0,0,0,0,0,0,0,0,0,0,0,0,0,0,0,0
2016-02-15,0,0,0,0,0,0,0,0,0,0,0,0,0,0,0,0,0,0,0,0
2016-02-16,0,0,0,0,0,0,0,0,0,0,0,0,0,0,0,0,0,0,0,0
2016-02-17,0,0,0,0,0,0,0,0,0,0,0,0,0,0,0,0,0,0,0,0
2016-02-18,0,0,0,0,0,0,0,0,0,0,0,0,0,0,0,0,0,0,0,0
2016-02-19,0,0,0,0,0,0,0,0,0,0,0,0,0,0,0,0,0,0,0,0
2016-02-20,0,0,0,0,0,0,0,0,0,0,0,0,0,0,0,0,0,0,0,0
2016-02-21,0,0,0,0,0,0,0,0,0,0,0,0,0,0,0,0,0,0,0,0
2016-02-22,0,0,0,0,0,0,0,0,0,0,0,0,0,0,0,0,0,0,0,0
2016-02-23,0,0,0,0,0,0,0,0,0,0,0,0,0,0,0,0,0,0,0,0
2016-02-24,0,0,0,0,0,0,0,0,0,0,0,0,0,0,0,0,0,0,0,0
2016-02-25,0,0,0,0,0,0,0,0,0,0,0,0,0,0,0,0,0,0,0,0
2016-02-26,0,0,0,0,0,0,0,0,0,0,0,0,0,0,0,0,0,0,0,0
2016-02-27,0,0,0,0,0,0,0,0,0,0,0,0,0,0,0,0,0,0,0,0
2016-02-28,0,0,0,0,0,0,0,0,0,0,0,0,0,0,0,0,0,0,0,0
2016-02-29,0,0,0,0,0,0,0,0,0,0,0,0,0,0,0,0,0,0,0,0
2016-03-01,0,0,0,0,0,0,0,0,0,0,0,0,0,0,0,0,0,0,0,0
2016-03-02,0,0,0,0,0,0,0,0,0,0,0,0,0,0,0,0,0,0,0,0
2016-03-03,0,0,0,0,0,0,0,0,0,0,0,0,0,0,0,0,0,0,0,0
2016-03-04,0,0,0,0,0,0,0,0,0,0,0,0,0,0,0,0,0,0,0,0
2016-03-05,0,0,0,0,0,0,0,0,0,0,0,0,0,0,0,0,0,0,0,0
2016-03-06,0,0,0,0,0,0,0,0,0,0,0,0,0,0,0,0,0,0,0,0
2016-03-07,0,0,0,0,0,0,0,0,0,0,0,0,0,0,0,0,0,0,0,0
2016-03-08,0,0,0,0,0,0,0,0,0,0,0,0,0,0,0,0,0,0,0,0
2016-03-09,0,0,0,0,0,0,0,0,0,0,0,0,0,0,0,0,0,0,0,0
2016-03-10,0,0,0,0,0,0,0,0,0,0,0,0,0,0,0,0,0,0,0,0
2016-03-11,0,0,0,0,0,0,0,0,0,0,0,0,0,0,0,0,0,0,0,0
2016-03-12,0,0,0,0,0,0,0,0,0,0,0,0,0,0,0,0,0,0,0,0
2016-03-13,0,0,0,0,0,0,0,0,0,0,0,0,0,0,0,0,0,0,0,0
2016-03-14,0,0,0,0,0,0,0,0,0,0,0,0,0,0,0,0,0,0,0,0
2016-03-15,0,0,0,0,0,0,0,0,0,0,0,0,0,0,0,0,0,0,0,0
2016-03-16,0,0,0,0,0,0,0,0,0,0,0,0,0,0,0,0,0,0,0,0
2016-03-17,0,0,0,0,0,0,0,0,0,0,0,0,0,0,0,0,0,0,0,0
2016-03-18,0,0,0,0,0,0,0,0,0,0,0,0,0,0,0,0,0,0,0,0
2016-03-19,0,0,0,0,0,0,0,0,0,0,0,0,0,0,0,0,0,0,0,0
2016-03-20,0,0,0,0,0,0,0,0,0,0,0,0,0,0,0,0,0,0,0,0
2016-03-21,0,0,0,0,0,0,0,0,0,0,0,0,0,0,0,0,0,0,0,0
2016-03-22,0,0,0,0,0,0,0,0,0,0,0,0,0,0,0,0,0,0,0,0
2016-03-23,0,0,0,0,0,0,0,0,0,0,0,0,0,0,0,0,0,0,0,0
2016-03-24,0,0,0,0,0,0,0,0,0,0,0,0,0,0,0,0,0,0,0,0
2016-03-25,0,0,0,0,0,0,0,0,0,0,0,0,0,0,0,0,0,0,0,0
2016-03-26,0,0,0,0,0,0,0,0,0,0,0,0,0,0,0,0,0,0,0,0
2016-03-27,0,0,0,0,0,0,0,0,0,0,0,0,0,0,0,0,0,0,0,0
2016-03-28,0,0,0,0,0,0,0,0,0,0,0,0,0,0,0,0,0,0,0,0
2016-03-29,0,0,0,0,0,0,0,0,0,0,0,0,0,0,0,0,0,0,0,0
2016-03-30,0,0,0,0,0,0,0,0,0,0,0,0,0,0,0,0,0,0,0,0
2016-03-31,0,0,0,0,0,0,0,0,0,0,0,0,0,0,0,0,0,0,0,0
2016-04-01,0,0,0,0,0,0,0,0,0,0,0,0,0,0,0,0,0,0,0,0
2016-04-02,0,0,0,0,0,0,0,0,0,0,0,0,0,0,0,0,0,0,0,0
2016-04-03,0,0,0,0,0,0,0,0,0,0,0,0,0,0,0,0,0,0,0,0
2016-04-04,0,0,0,0,0,0,0,0,0,0,0,0,0,0,0,0,0,0,0,0
2016-04-05,0,0,0,0,0,0,0,0,0,0,0,0,0,0,0,0,0,0,0,0
2016-04-06,0,0,0,0,0,0,0,0,0,0,0,0,0,0,0,0,0,0,0,0
2016-04-07,0,0,0,0,0,0,0,0,0,0,0,0,0,0,0,0,0,0,0,0
2016-04-08,0,0,0,0,0,0,0,0,0,0,0,0,0,0,0,0,0,0,0,0
2016-04-09,0,0,0,0,0,0,0,0,0,0,0,0,0,0,0,0,0,0,0,0
2016-04-10,0,0,0,0,0,0,0,0,0,0,0,0,0,0,0,0,0,0,0,0
2016-04-11,0,0,0,0,0,0,0,0,0,0,0,0,0,0,0,0,0,0,0,0
2016-04-12,0,0,0,0,0,0,0,0,0,0,0,0,0,0,0,0,0,0,0,0
2016-04-13,0,0,0,0,0,0,0,0,0,0,0,0,0,0,0,0,0,0,0,0
2016-04-14,0,0,0,0,0,0,0,0,0,0,0,0,0,0,0,0,0,0,0,0
2016-04-15,0,0,0,0,0,0,0,0,0,0,0,0,0,0,0,0,0,0,0,0
2016-04-16,0,0,0,0,0,0,0,0,0,0,0,0,0,0,0,0,0,0,0,0
2016-04-17,0,0,0,0,0,0,0,0,0,0,0,0,0,0,0,0,0,0,0,0
2016-04-18,0,0,0,0,0,0,0,0,0,0,0,0,0,0,0,0,0,0,0,0
2016-04-19,0,0,0,0,0,0,0,0,0,0,0,0,0,0,0,0,0,0,0,0
2016-04-20,0,0,0,0,0,0,0,0,0,0,0,0,0,0,0,0,0,0,0,0
2016-04-21,0,0,0,0,0,0,0,0,0,0,0,0,0,0,0,0,0,0,0,0
2016-04-22,0,0,0,0,0,0,0,0,0,0,0,0,0,0,0,0,0,0,0,0
2016-04-23,0,0,0,0,0,0,0,0,0,0,0,0,0,0,0,0,0,0,0,0
2016-04-24,0,0,0,0,0,0,0,0,0,0,0,0,0,0,0,0,0,0,0,0
2016-04-25,0,0,0,2,2,0,0,156,0,0,0,1,0,0,0,0,0,0,0,0
2016-04-26,0,0,0,2,2,0,0,352,0,0,0,1,0,0,0,0,0,0,0,0
2016-04-27,0,0,0,2,2,0,0,76,0,0,0,1,0,0,0,0,0,0,0,0
2016-04-28,0,0,0,2,2,0,0,13,0,0,0,1,0,0,0,0,0,0,0,0
2016-04-29,0,0,0,0,0,0,0,0,0,0,0,0,0,0,0,0,0,0,0,0
2016-04-30,0,0,0,1,0,0,0,0,0,0,0,0,0,0,0,0,0,0,0,0
2016-05-01,0,0,0,0,0,0,0,0,0,0,0,0,0,0,0,0,0,0,0,0
2016-05-02,0,0,0,2,2,0,0,10,0,0,0,1,0,0,0,0,0,0,0,0
2016-05-03,0,0,0,2,2,0,0,258,0,0,0,1,0,0,0,0,0,0,0,0
2016-05-04,0,0,0,2,2,0,0,37,0,0,38,0.4933,0,0.5067,0,0,0,0,0,0
2016-05-05,0,0,0,2,2,0,0,18,0,0,0,1,0,0,0,0,0,0,0,0
2016-05-06,0,0,0,2,2,0,0,41,0,0,388,0.0956,0,0.9044,0,0,0,0,0,0
2016-05-07,0,0,0,2,1,0,0,0,0,0,1,0,0,1,0,0,0,0,0,0
2016-05-08,0,0,0,2,1,0,0,0,0,0,1,0,0,1,0,0,0,0,0,0
2016-05-09,0,0,0,2,2,0,0,0,0,0,192,0,0,1,0,0,0,0,0,0
2016-05-10,0,0,0,2,2,0,0,0,0,0,181,0,0,1,0,0,0,0,0,0
2016-05-11,0,0,0,2,2,0,0,0,0,0,118,0,0,1,0,0,0,0,0,0
2016-05-12,0,0,0,2,2,0,0,0,0,0,231,0,0,1,0,0,0,0,0,0
2016-05-13,0,0,0,2,2,0,0,0,0,0,6,0,0,1,0,0,0,0,0,0
2016-05-14,0,0,0,0,0,0,0,0,0,0,0,0,0,0,0,0,0,0,0,0
2016-05-15,0,0,0,0,0,0,0,0,0,0,0,0,0,0,0,0,0,0,0,0
2016-05-16,0,0,0,2,2,0,0,0,0,0,41,0,0,1,0,0,0,0,0,0
2016-05-17,0,0,0,2,2,0,0,0,0,0,406,0,0,1,0,0,0,0,0,0
2016-05-18,0,0,0,2,2,0,0,0,0,0,677,0,0,1,0,0,0,0,0,0
2016-05-19,0,0,0,2,2,0,0,0,0,0,641,0,0,1,0,0,0,0,0,0
2016-05-20,0,0,0,2,2,0,0,0,0,0,21,0,0,1,0,0,0,0,0,0
2016-05-21,0,0,0,0,0,0,0,0,0,0,0,0,0,0,0,0,0,0,0,0
2016-05-22,0,0,0,0,0,0,0,0,0,0,0,0,0,0,0,0,0,0,0,0
2016-05-23,0,0,0,2,2,0,0,0,0,0,496,0,0,1,0,0,0,0,0,0
2016-05-24,0,0,0,2,2,0,0,0,0,0,433,0,0,1,0,0,0,0,0,0
2016-05-25,0,0,0,2,2,0,0,0,0,0,479,0,0,1,0,0,0,0,0,0
2016-05-26,0,0,0,2,2,0,0,0,0,0,391,0,0,1,0,0,0,0,0,0
2016-05-27,0,0,0,2,2,0,0,0,0,0,8,0,0,1,0,0,0,0,0,0
2016-05-28,0,0,0,1,0,0,0,0,0,0,0,0,0,0,0,0,0,0,0,0
2016-05-29,0,0,0,2,1,0,0,3,0,0,0,1,0,0,0,0,0,0,0,0
2016-05-30,0,0,0,0,0,0,0,0,0,0,0,0,0,0,0,0,0,0,0,0
2016-05-31,0,0,0,2,2,0,0,0,0,0,657,0,0,1,0,0,0,0,0,0
2016-06-01,2,2,0,2,2,2,2,0,0,0,34,0,0,1,0,0,1,0,4,0
2016-06-02,2,2,0,2,2,2,2,0,0,0,76,0,0,1,0,0,1,0,4,0
2016-06-03,2,2,0,2,2,2,2,0,0,0,104,0,0,1,0,0,1,0,4,0
2016-06-04,2,2,0,0,0,2,2,0,0,0,0,0,0,0,0,0,0,0,4,0
2016-06-05,2,2,0,0,0,2,2,0,0,0,0,0,0,0,0,0,0,0,4,0
2016-06-06,2,2,0,2,2,2,2,1,0,0,455,0.0022,0,0.9978,0.0014,0,0.9986,0,5,0
2016-06-07,2,2,0,2,2,2,2,0,0,0,92,0,0,1,0,0,1,0,5,0
2016-06-08,2,2,0,2,2,2,2,0,0,0,43,0,0,1,0,0,1,0,5,0
2016-06-09,2,2,0,2,2,2,2,0,0,0,465,0,0,1,0,0,1,0,5,0
2016-06-10,2,2,0,2,2,2,2,0,0,0,167,0,0,1,0,0,1,0,5,0
2016-06-11,2,2,0,1,1,2,2,0,0,0,1,0,0,1,0,0,1,0,5,0
2016-06-12,2,2,0,0,0,2,2,0,0,0,0,0,0,0,0,0,0,0,5,0
2016-06-13,2,2,0,1,1,2,2,0,0,0,1,0,0,1,0,0,1,0,5,0
2016-06-14,2,2,0,1,0,2,2,0,0,0,0,0,0,0,0,0,1,0,5,0
2016-06-15,2,2,0,2,2,2,2,0,0,0,5,0,0,1,0,0,1,0,5,8037
2016-06-16,2,2,0,0,0,2,2,0,0,0,0,0,0,0,0,0,0,0,5,8037
2016-06-17,2,2,0,0,0,2,2,0,0,0,0,0,0,0,0,0,0,0,5,8037
2016-06-18,2,2,0,0,0,2,2,0,0,0,0,0,0,0,0,0,0,0,5,8037
2016-06-19,2,2,0,0,0,2,2,0,0,0,0,0,0,0,0,0,0,0,5,8037
2016-06-20,2,2,0,2,2,2,2,0,0,0,192,0,0,1,0,0,1,0,5,8230
2016-06-21,2,2,0,2,2,2,2,0,0,0,226,0,0,1,0,0,1,0,5,8457
2016-06-22,2,2,0,0,0,2,2,0,0,0,0,0,0,0,0,0,0,0,5,8457
2016-06-23,2,2,0,1,0,2,2,0,0,0,0,0,0,0,0,0,1,0,5,8458
2016-06-24,2,2,0,0,0,2,2,0,0,0,0,0,0,0,0,0,0,0,5,8458
2016-06-25,2,2,0,0,0,2,2,0,0,0,0,0,0,0,0,0,0,0,5,8458
2016-06-26,2,2,0,0,0,2,2,0,0,0,0,0,0,0,0,0,0,0,5,8458
2016-06-27,2,2,0,0,0,2,2,0,0,0,0,0,0,0,0,0,0,0,5,8459
2016-06-28,2,2,0,0,0,1,0,0,0,0,0,0,0,0,0,0,0,0,5,8459
2016-06-29,2,2,0,0,0,1,0,0,0,0,0,0,0,0,0,0,0,0,5,8459
2016-06-30,2,2,0,0,0,0,0,0,0,0,0,0,0,0,0,0,0,0,5,8459
2016-07-01,2,2,0,0,0,0,0,0,0,0,0,0,0,0,0,0,0,0,5,8459
2016-07-02,2,2,0,0,0,0,0,0,0,0,0,0,0,0,0,0,0,0,5,8459
2016-07-03,2,2,0,0,0,0,0,0,0,0,0,0,0,0,0,0,0,0,5,8459
2016-07-04,2,2,0,0,0,0,0,0,0,0,0,0,0,0,0,0,0,0,5,8459
2016-07-05,2,2,0,0,0,0,0,0,0,0,0,0,0,0,0,0,0,0,5,8459
2016-07-06,2,2,0,0,0,0,0,0,0,0,0,0,0,0,0,0,0,0,5,8459
2016-07-07,2,2,0,0,0,0,0,0,0,0,0,0,0,0,0,0,0,0,5,8459
2016-07-08,2,2,0,0,0,0,0,0,0,0,0,0,0,0,0,0,0,0,5,8459
2016-07-09,2,2,0,0,0,0,0,0,0,0,0,0,0,0,0,0,0,0,5,8459
2016-07-10,2,2,0,0,0,0,0,0,0,0,0,0,0,0,0,0,0,0,5,8459
2016-07-11,2,2,0,0,0,0,0,0,0,0,0,0,0,0,0,0,0,0,5,8459
2016-07-12,2,2,0,0,0,0,0,0,0,0,0,0,0,0,0,0,0,0,5,8459
2016-07-14,2,2,0,0,0,0,0,0,0,0,0,0,0,0,0,0,0,0,5,8459
2016-07-15,2,2,0,0,0,0,0,0,0,0,0,0,0,0,0,0,0,0,5,8459
2016-07-16,2,2,0,0,0,0,0,0,0,0,0,0,0,0,0,0,0,0,5,8459
2016-07-17,2,2,0,0,0,0,0,0,0,0,0,0,0,0,0,0,0,0,5,8459
2016-07-19,2,2,0,0,0,0,0,0,0,0,0,0,0,0,0,0,0,0,5,8459
2016-07-20,2,2,0,0,0,0,0,0,0,0,0,0,0,0,0,0,0,0,5,8459
2016-07-21,2,2,0,0,0,0,0,0,0,0,0,0,0,0,0,0,0,0,5,8459
2016-07-22,2,2,0,0,0,0,0,0,0,0,0,0,0,0,0,0,0,0,5,8459
2016-07-23,2,2,0,0,0,0,0,0,0,0,0,0,0,0,0,0,0,0,5,8459
2016-07-24,2,2,0,0,0,0,0,0,0,0,0,0,0,0,0,0,0,0,5,8459
2016-07-25,2,2,0,0,0,0,0,0,0,0,0,0,0,0,0,0,0,0,5,8459
2016-07-26,2,2,0,0,0,0,0,0,0,0,0,0,0,0,0,0,0,0,5,8459
2016-07-27,2,2,0,0,0,0,0,0,0,0,0,0,0,0,0,0,0,0,5,8459
2016-07-28,2,2,0,2,2,2,2,0,0,0,9,0,0,1,0,0,1,0,5,8468
2016-07-29,2,2,0,0,0,2,2,0,0,0,0,0,0,0,0,0,0,0,5,8468
2016-07-30,2,2,0,0,0,2,2,0,0,0,0,0,0,0,0,0,0,0,5,8468
2016-07-31,2,2,0,0,0,2,2,0,0,0,0,0,0,0,0,0,0,0,5,8468
2016-08-01,2,2,0,0,0,2,2,0,0,0,0,0,0,0,0,0,0,0,5,8468
2016-08-02,2,2,0,2,2,2,2,0,0,0,41,0,0,1,0,0,1,0,5,8510
2016-08-03,2,2,0,0,0,2,2,0,0,0,0,0,0,0,0,0,0,0,5,8510
2016-08-04,2,2,0,0,0,2,2,0,0,0,0,0,0,0,0,0,0,0,0,8510
2016-08-05,2,2,0,0,0,2,2,0,0,0,0,0,0,0,0,0,0,0,5,8510
2016-08-06,2,2,0,0,0,2,2,0,0,0,0,0,0,0,0,0,0,0,5,8510
2016-08-07,2,2,0,0,0,2,2,0,0,0,0,0,0,0,0,0,0,0,5,8510
2016-08-08,2,2,0,0,0,2,2,0,0,0,0,0,0,0,0,0,0,0,5,8510
2016-08-09,2,2,0,0,0,0,0,0,0,0,0,0,0,0,0,0,0,0,5,8510
2016-08-10,2,2,0,0,0,0,0,0,0,0,0,0,0,0,0,0,0,0,6,8511
2016-08-11,2,2,0,0,0,0,0,0,0,0,0,0,0,0,0,0,0,0,6,8511
2016-08-12,2,2,0,0,0,0,0,0,0,0,0,0,0,0,0,0,0,0,6,8511
2016-08-13,2,2,0,0,0,0,0,0,0,0,0,0,0,0,0,0,0,0,6,8511
2016-08-14,2,2,0,0,0,0,0,0,0,0,0,0,0,0,0,0,0,0,6,8511
2016-08-15,2,2,0,0,0,0,0,0,0,0,0,0,0,0,0,0,0,0,6,8511
2016-08-16,2,2,0,0,0,0,0,0,0,0,0,0,0,0,0,0,0,0,6,8511
2016-08-17,2,2,0,0,0,0,0,0,0,0,0,0,0,0,0,0,0,0,6,8511
2016-08-18,2,2,0,0,0,0,0,0,0,0,0,0,0,0,0,0,0,0,6,8511
2016-08-19,2,2,0,0,0,0,0,0,0,0,0,0,0,0,0,0,0,0,6,8511
2016-08-20,2,2,0,0,0,0,0,0,0,0,0,0,0,0,0,0,0,0,6,8511
2016-08-21,2,2,0,0,0,0,0,0,0,0,0,0,0,0,0,0,0,0,6,8511
2016-08-22,2,2,0,0,0,0,0,0,0,0,0,0,0,0,0,0,0,0,6,8511
2016-08-23,3,3,0,3,2,3,2,14,0,0,0,1,0,0,0.9032,0.0323,0.0645,0,7,8538
2016-08-24,3,3,0,3,3,3,3,0,13,0,0,0,1,0,0,1,0,0,7,8551
2016-08-25,3,3,0,3,3,3,3,0,55,0,5,0,0.9167,0.0833,0,0.9279,0.0721,0,7,8611
2016-08-26,3,3,0,3,3,3,3,0,13,0,0,0,1,0,0,1,0,0,7,8624
2016-08-27,3,3,0,0,0,3,3,0,0,0,0,0,0,0,0,0,0,0,7,8624
2016-08-28,3,3,0,0,0,3,3,0,0,0,0,0,0,0,0,0,0,0,7,8624
2016-08-29,3,3,0,2,2,3,3,0,5,0,0,0,1,0,0,1,0,0,7,8629
2016-08-30,3,3,0,3,2,3,3,0,12,0,0,0,1,0,0,1,0,0,7,8641
2016-08-31,3,3,0,3,3,3,3,0,29,0,0,0,1,0,0,1,0,0,7,8670
2016-09-01,3,3,0,2,1,3,3,0,3,0,0,0,1,0,0,1,0,0,7,8673
2016-09-02,3,3,0,3,2,3,3,0,29,0,0,0,1,0,0,1,0,0,7,8704
2016-09-03,3,3,0,1,0,3,3,0,0,0,0,0,0,0,0,1,0,0,7,8704
2016-09-04,3,3,0,0,0,3,3,0,0,0,0,0,0,0,0,0,0,0,7,8704
2016-09-05,3,3,0,2,2,3,3,0,13,0,0,0,1,0,0,1,0,0,7,8719
2016-09-06,3,3,0,1,0,3,3,0,0,0,0,0,0,0,0,1,0,0,7,8719
2016-09-07,3,3,0,3,3,3,3,0,7,0,0,0,1,0,0,1,0,0,7,8726
2016-09-08,3,3,0,3,3,3,3,0,30,0,0,0,1,0,0,1,0,0,7,8757
2016-09-09,3,3,0,0,0,3,3,0,0,0,0,0,0,0,0,0,0,0,7,8757
2016-09-10,3,3,0,0,0,3,3,0,0,0,0,0,0,0,0,0,0,0,7,8757
2016-09-11,3,3,0,2,2,3,3,0,4,0,0,0,1,0,0,1,0,0,7,8761
2016-09-12,3,3,0,3,3,3,3,0,31,0,0,0,1,0,0,1,0,0,7,8791
2016-09-13,3,3,0,3,3,3,3,0,56,0,0,0,1,0,0,1,0,0,7,8847
2016-09-14,3,3,0,3,3,3,3,0,185,0,37,0,0.8333,0.1667,0,0.8506,0.1494,0,7,9078
2016-09-15,4,4,0,4,4,4,4,3,30,0,1,0.0882,0.8824,0.0294,0.1644,0.7945,0.0411,0,8,9126
2016-09-16,4,4,0,3,2,4,4,0,3,0,0,0,1,0,0,1,0,0,8,9129
2016-09-17,4,4,0,1,0,4,4,0,0,0,0,0,0,0,0,0,1,0,8,9130
2016-09-18,4,4,0,0,0,4,4,0,0,0,0,0,0,0,0,0,0,0,8,9130
2016-09-19,4,4,0,3,2,4,4,0,2,0,0,0,1,0,0,1,0,0,8,9132
2016-09-20,49,49,0,44,21,45,22,95,0,0,58,0.6209,0,0.3791,0.8114,0,0.1886,0,7,8393
2016-09-21,93,93,0,69,28,87,43,117,4,0,76,0.5939,0.0203,0.3858,0.7998,0.0073,0.1929,0,7,8794
2016-09-22,104,104,0,49,10,98,46,19,15,0,4,0.5,0.3947,0.1053,0.7972,0.1189,0.0839,0,8,8880
2016-09-23,105,105,0,30,2,99,46,2,0,0,0,1,0,0,1,0,0,0,8,8888
2016-09-24,106,106,0,21,1,100,47,0,0,0,1,0,0,1,0.9231,0,0.0769,0,8,8895
2016-09-25,107,107,0,16,5,101,48,6,0,0,6,0.5,0,0.5,0.8333,0.0119,0.1548,0,8,8911
2016-09-26,109,109,0,31,6,103,49,8,0,0,8,0.5,0,0.5,0.8239,0,0.1761,0,8,8937
2016-09-27,110,110,0,28,5,92,36,12,0,0,0,1,0,0,0.9895,0,0.0105,0,8,8954
2016-09-28,111,111,0,24,1,70,19,0,0,0,1,0,0,1,0.9333,0,0.0667,0,8,8962
2016-09-29,111,111,0,30,6,56,16,61,0,0,133,0.3144,0,0.6856,0.4476,0,0.5524,0,9,9160
2016-09-30,114,114,0,28,2,60,16,0,0,0,11,0,0,1,0.6197,0,0.3803,0,9,9187
2016-10-01,114,114,0,12,0,58,15,0,0,0,0,0,0,0,0.9355,0,0.0645,0,9,9188
2016-10-02,114,114,0,5,0,56,13,0,0,0,0,0,0,0,1,0,0,0,9,9188
2016-10-03,115,115,0,14,0,56,11,0,0,0,0,0,0,0,1,0,0,0,9,9191
2016-10-04,116,116,0,18,1,58,8,1,0,0,0,1,0,0,1,0,0,0,9,9195
2016-10-05,118,118,0,21,3,56,7,1,21,0,0,0.0455,0.9545,0,0.4507,0.507,0.0423,0,9,9228
2016-10-06,118,118,0,24,4,53,6,22,0,0,274,0.0743,0,0.9257,0.1736,0,0.8264,0,9,9528
2016-10-07,118,118,0,15,2,50,5,0,0,0,5,0,0,1,0.5806,0,0.4194,0,9,9533
2016-10-08,118,118,0,4,0,48,5,0,0,0,0,0,0,0,1,0,0,0,9,9533
2016-10-09,118,118,0,13,3,47,7,1,0,0,2,0.3333,0,0.6667,0.8421,0,0.1579,0,9,9536
2016-10-10,118,118,0,11,0,47,7,0,0,0,0,0,0,0,1,0,0,0,9,9536
2016-10-11,118,118,0,6,1,47,6,0,0,0,2,0,0,1,0.7,0,0.3,0,9,9538
2016-10-12,118,118,0,7,1,46,6,0,0,0,1,0,0,1,0.7647,0,0.2353,0,9,9539
2016-10-13,118,118,0,19,6,45,8,19,0,0,13,0.5938,0,0.4063,0.7453,0,0.2547,0,8,9582
2016-10-14,120,120,0,25,6,47,10,7,0,0,46,0.1321,0,0.8679,0.5106,0,0.4894,0,8,9650
2016-10-15,120,120,0,8,0,46,10,0,0,0,0,0,0,0,1,0,0,0,8,9650
2016-10-16,121,121,0,6,0,47,8,0,0,0,0,0,0,0,0.8571,0,0.1429,0,8,9655
2016-10-17,121,121,0,10,1,45,8,0,1,0,1,0,0.5,0.5,0.8235,0.0588,0.1176,0,8,9657
2016-10-18,121,121,0,7,0,47,8,0,0,0,0,0,0,0,0.9286,0,0.0714,0,8,9657
2016-10-19,122,122,0,35,3,55,8,2,4,0,46,0.0385,0.0769,0.8846,0.408,0.0448,0.5473,0,8,9715
2016-10-20,123,123,0,28,6,57,8,3,0,0,70,0.0411,0,0.9589,0.3048,0,0.6952,0,8,9790
2016-10-21,123,123,0,23,4,56,7,1,0,0,16,0.0588,0,0.9412,0.5634,0,0.4366,0,8,9807
2016-10-22,123,123,0,20,2,59,8,2,0,0,0,1,0,0,1,0,0,0,8,9809
2016-10-23,125,125,0,16,0,62,8,0,0,0,0,0,0,0,0.9643,0,0.0357,0,8,9816
2016-10-24,125,125,0,18,1,59,9,1,0,0,0,1,0,0,1,0,0,0,8,9817
2016-10-25,125,125,0,25,3,60,10,1,0,0,3,0.25,0,0.75,0.881,0,0.119,0,8,9821
2016-10-26,125,125,0,8,3,52,10,0,0,0,65,0,0,1,0.0672,0,0.9328,0,8,9886
2016-10-27,125,125,0,18,3,50,8,3,0,0,5,0.375,0,0.625,0.7429,0,0.2571,0,8,9894
2016-10-28,125,125,0,9,2,46,7,0,0,0,8,0,0,1,0.55,0,0.45,0,8,9904
2016-10-29,125,125,0,14,2,44,7,2,0,0,0,1,0,0,1,0,0,0,8,9906
2016-10-30,125,125,0,12,3,42,9,5,0,0,1,0.8333,0,0.1667,0.9643,0,0.0357,0,8,9912
2016-10-31,125,125,0,17,2,41,8,0,0,0,5,0,0,1,0.6216,0,0.3784,0,8,9917
2016-11-01,125,125,0,35,5,48,9,10,0,0,44,0.1852,0,0.8148,0.6122,0,0.3878,0,8,9972
2016-11-02,125,125,0,20,4,51,10,17,0,0,8,0.68,0,0.32,0.7527,0,0.2473,0,7,10009
2016-11-03,125,125,0,18,4,51,11,3,0,0,25,0.1071,0,0.8929,0.3976,0,0.6024,0,7,10039
2016-11-04,125,125,0,7,0,49,10,0,0,0,0,0,0,0,1,0,0,0,7,10039
2016-11-05,125,125,0,4,1,47,9,0,0,0,0,0,0,0,0.6,0,0.4,0,7,10040
2016-11-06,125,125,0,3,0,48,7,0,0,0,0,0,0,0,0.8333,0,0.1667,0,7,10041
2016-11-07,125,125,0,6,0,50,7,0,0,0,0,0,0,0,1,0,0,0,7,10041
2016-11-08,125,125,0,6,2,43,5,0,0,0,2,0,0,1,0.3158,0,0.6842,0,7,10043
2016-11-09,125,125,0,10,2,36,5,5,0,0,0,1,0,0,0.95,0,0.05,0,7,10048
2016-11-10,125,125,0,12,2,33,4,0,0,0,22,0,0,1,0.2745,0,0.7255,0,7,10070
2016-11-11,125,125,0,3,0,32,4,0,0,0,0,0,0,0,1,0,0,0,7,10070
2016-11-12,125,125,0,13,1,35,5,1,0,0,0,1,0,0,1,0,0,0,7,10071
2016-11-13,125,125,0,5,0,34,5,0,0,0,0,0,0,0,1,0,0,0,7,10071
2016-11-14,125,125,0,6,0,34,5,0,0,0,0,0,0,0,1,0,0,0,7,10071
2016-11-15,126,126,0,10,2,34,4,2,0,0,19,0.0952,0,0.9048,0.3673,0,0.6327,0,7,10096
2016-11-16,126,126,0,21,0,35,3,0,0,0,0,0,0,0,1,0,0,0,7,10096
2016-11-17,126,126,0,18,2,36,3,5,0,0,0,1,0,0,1,0,0,0,7,10101
2016-11-18,126,126,0,10,0,37,3,0,0,0,0,0,0,0,1,0,0,0,7,10101
2016-11-19,126,126,0,2,0,37,3,0,0,0,0,0,0,0,1,0,0,0,7,10101
2016-11-20,126,126,0,3,0,37,3,0,0,0,0,0,0,0,1,0,0,0,7,10101
2016-11-21,126,126,0,3,0,39,3,0,0,0,0,0,0,0,1,0,0,0,7,10101
2016-11-22,126,126,0,18,2,39,4,6,0,0,0,1,0,0,1,0,0,0,7,10103
2016-11-23,126,126,0,7,0,37,4,0,0,0,0,0,0,0,0.9412,0,0.0588,0,7,10105
2016-11-24,127,127,0,6,1,35,3,0,0,0,2,0,0,1,0.7273,0,0.2727,0,7,10114
2016-11-25,127,127,0,5,0,33,3,0,0,0,0,0,0,0,1,0,0,0,7,10114
2016-11-26,127,127,0,3,0,34,3,0,0,0,0,0,0,0,1,0,0,0,7,10114
2016-11-27,127,127,0,12,2,35,5,2,0,0,0,1,0,0,0.9583,0,0.0417,0,7,10116
2016-11-28,127,127,0,12,0,36,5,0,0,0,0,0,0,0,1,0,0,0,7,10116
2016-11-29,127,127,0,30,2,40,4,9,0,0,0,1,0,0,1,0,0,0,7,10125
2016-11-30,127,127,0,29,2,39,5,3,0,0,0,1,0,0,0.9643,0,0.0357,0,7,10128
2016-12-01,127,127,0,27,1,39,4,4,0,0,0,1,0,0,1,0,0,0,7,10132
2016-12-02,127,127,0,5,0,40,4,0,0,0,0,0,0,0,1,0,0,0,7,10132
2016-12-03,127,127,0,5,0,40,4,0,0,0,0,0,0,0,1,0,0,0,7,10132
2016-12-04,127,127,0,0,0,39,3,0,0,0,0,0,0,0,0,0,0,0,7,10132
2016-12-05,127,127,0,4,0,41,3,0,0,0,0,0,0,0,0.75,0,0.25,0,7,10133
2016-12-06,127,127,0,2,0,39,2,0,0,0,0,0,0,0,1,0,0,0,7,10135
2016-12-07,127,127,0,3,1,39,2,0,0,0,1,0,0,1,1,0,0,0,7,10136
2016-12-08,127,127,0,32,1,39,2,4,0,0,0,1,0,0,1,0,0,0,7,10138
2016-12-09,129,129,0,7,0,40,2,0,0,0,0,0,0,0,0.8182,0,0.1818,0,7,10146
2016-12-10,129,129,0,3,0,40,2,0,0,0,0,0,0,0,1,0,0,0,7,10146
2016-12-11,129,129,0,7,0,41,2,0,0,0,0,0,0,0,1,0,0,0,7,10146
2016-12-12,129,129,0,20,1,41,2,1,0,0,0,1,0,0,1,0,0,0,7,10147
2016-12-13,129,129,0,5,0,41,2,0,0,0,0,0,0,0,1,0,0,0,7,10147
2016-12-14,129,129,0,4,0,43,1,0,0,0,0,0,0,0,1,0,0,0,7,10147
2016-12-15,129,129,0,5,0,39,1,0,0,0,0,0,0,0,1,0,0,0,7,10147
2016-12-16,129,129,0,2,0,38,1,0,0,0,0,0,0,0,1,0,0,0,7,10147
2016-12-17,129,129,0,10,1,39,2,1,0,0,0,1,0,0,1,0,0,0,7,10152
2016-12-18,129,129,0,15,3,41,4,2,0,0,1,0.6667,0,0.3333,1,0,0,0,7,10155
2016-12-19,129,129,0,11,2,34,4,1,0,0,6,0.1429,0,0.8571,0.6071,0,0.3929,0,7,10162
2016-12-20,129,129,0,9,0,33,4,0,0,0,0,0,0,0,1,0,0,0,7,10162
2016-12-21,129,129,0,2,0,31,4,0,0,0,0,0,0,0,1,0,0,0,7,10162
2016-12-22,129,129,0,3,0,30,4,0,0,0,0,0,0,0,1,0,0,0,7,10162
2016-12-23,129,129,0,11,2,30,4,5,0,0,0,1,0,0,1,0,0,0,7,10167
2016-12-24,129,129,0,4,0,28,4,0,0,0,0,0,0,0,1,0,0,0,7,10167
2016-12-25,129,129,0,0,0,26,3,0,0,0,0,0,0,0,0,0,0,0,7,10167
2016-12-26,129,129,0,4,0,22,2,0,0,0,0,0,0,0,1,0,0,0,7,10167
2016-12-27,129,129,0,0,0,20,2,0,0,0,0,0,0,0,0,0,0,0,7,10167
2016-12-28,129,129,0,24,2,32,2,5,0,0,0,1,0,0,1,0,0,0,7,10172
2016-12-29,129,129,0,16,2,32,3,9,0,0,0,1,0,0,1,0,0,0,7,10181
2016-12-30,129,129,0,3,0,31,3,0,0,0,0,0,0,0,1,0,0,0,7,10181
2016-12-31,129,129,0,2,0,32,3,0,0,0,0,0,0,0,1,0,0,0,7,10181
2017-01-01,129,129,0,2,0,34,3,0,0,0,0,0,0,0,1,0,0,0,7,10181
2017-01-02,129,129,0,3,0,35,3,0,0,0,0,0,0,0,1,0,0,0,7,10181
2017-01-03,129,129,0,2,0,35,3,0,0,0,0,0,0,0,1,0,0,0,7,10181
2017-01-04,129,129,0,2,0,27,2,0,0,0,0,0,0,0,1,0,0,0,7,10181
2017-01-05,130,130,0,5,0,17,0,0,0,0,0,0,0,0,0.75,0,0.25,0,7,10187
2017-01-06,131,131,0,4,0,17,0,0,0,0,0,0,0,0,0.9167,0,0.0833,0,7,10191
2017-01-07,131,131,0,2,0,16,0,0,0,0,0,0,0,0,1,0,0,0,7,10191
2017-01-08,131,131,0,2,0,16,0,0,0,0,0,0,0,0,1,0,0,0,7,10191
2017-01-09,131,131,0,17,2,26,2,5,0,0,0,1,0,0,0.9756,0,0.0244,0,7,10197
2017-01-10,131,131,0,13,0,32,2,0,0,0,0,0,0,0,1,0,0,0,7,10197
2017-01-11,131,131,0,20,1,36,2,3,0,0,0,1,0,0,1,0,0,0,7,10200
2017-01-12,131,131,0,9,0,37,2,0,0,0,0,0,0,0,1,0,0,0,7,10200
2017-01-13,131,131,0,10,2,38,3,2,0,0,0,1,0,0,1,0,0,0,7,10202
2017-01-14,131,131,0,8,1,38,3,3,0,0,0,1,0,0,1,0,0,0,7,10205
2017-01-15,131,131,0,9,0,39,3,0,0,0,0,0,0,0,1,0,0,0,7,10205
2017-01-16,131,131,0,18,1,39,3,4,0,0,0,1,0,0,1,0,0,0,7,10209
2017-01-17,131,131,0,25,2,40,4,77,0,0,144,0.3484,0,0.6516,0.5028,0,0.4972,0,7,10431
2017-01-18,131,131,0,3,0,35,4,0,0,0,0,0,0,0,0.8,0,0.2,0,7,10431
2017-01-19,131,131,0,8,2,33,4,8,0,0,0,1,0,0,1,0,0,0,7,10439
2017-01-20,131,131,0,6,0,32,3,0,0,0,0,0,0,0,1,0,0,0,7,10439
2017-01-21,131,131,0,2,0,32,3,0,0,0,0,0,0,0,1,0,0,0,7,10439
2017-01-22,131,131,0,1,0,33,3,0,0,0,0,0,0,0,1,0,0,0,7,10439
2017-01-23,131,131,0,3,0,31,3,0,0,0,0,0,0,0,1,0,0,0,7,10439
2017-01-24,131,131,0,12,1,23,2,5,0,0,0,1,0,0,1,0,0,0,7,10444
2017-01-25,131,131,0,10,2,23,3,3,0,0,12,0.2,0,0.8,0.6087,0,0.3913,0,7,10460
2017-01-26,131,131,0,5,0,24,3,0,0,0,0,0,0,0,0.875,0,0.125,0,7,10461
2017-01-27,131,131,0,4,0,25,3,0,0,0,0,0,0,0,0.8333,0,0.1667,0,7,10461
2017-01-28,131,131,0,3,0,25,3,0,0,0,0,0,0,0,1,0,0,0,7,10461
2017-01-29,131,131,0,1,1,24,3,0,0,0,1,0,0,1,0,0,1,0,7,10462
2017-01-30,131,131,0,2,1,24,3,0,0,0,1,0,0,1,0,0,1,0,7,10463
2017-01-31,131,131,0,1,0,20,2,0,0,0,0,0,0,0,0,0,1,0,7,10464
2017-02-01,479,479,0,326,169,332,170,467,0,0,315,0.5972,0,0.4028,0.916,0,0.084,0,8,12167
2017-02-02,813,813,0,462,178,638,319,572,0,0,356,0.6164,0,0.3836,0.8739,0,0.1261,0,18,14137
2017-02-03,1056,1056,0,485,173,858,445,886,3,0,436,0.6687,0.0023,0.3291,0.9236,0.0006,0.0757,0,26,16357
2017-02-04,1150,1150,0,311,85,946,494,196,0,0,102,0.6577,0,0.3423,0.8989,0,0.1011,0,27,17040
2017-02-05,1213,1213,0,267,76,1005,539,193,0,0,144,0.5727,0,0.4273,0.8685,0,0.1315,0,27,17671
2017-02-06,1327,1327,0,441,125,1127,608,362,0,0,336,0.5186,0,0.4814,0.8798,0,0.1202,0,27,18831
2017-02-07,1469,1469,0,758,296,1289,751,2016,0,0,737,0.7323,0,0.2677,0.9765,0,0.0235,0,29,22471
2017-02-08,1521,1521,0,402,87,1249,684,481,0,0,291,0.6231,0,0.3769,0.898,0,0.102,0,29,23578
2017-02-09,1576,1576,0,451,109,1203,612,865,0,0,715,0.5475,0,0.4525,0.8474,0,0.1526,0,32,25456
2017-02-10,1612,1612,0,483,151,1157,566,1373,0,0,344,0.7997,0,0.2003,0.9718,0,0.0282,0,34,27576
2017-02-11,1625,1625,0,226,51,1128,537,261,0,0,86,0.7522,0,0.2478,0.9222,0,0.0778,0,35,28025
2017-02-12,1634,1634,0,199,43,1122,510,173,0,0,41,0.8084,0,0.1916,0.9515,0,0.0485,0,36,28333
2017-02-13,1647,1647,0,244,50,1081,466,233,0,0,284,0.4507,0,0.5493,0.8374,0,0.1626,0,36,28972
2017-02-14,1657,1657,0,339,94,868,313,649,0,0,152,0.8102,0,0.1898,0.9742,0,0.0258,0,38,29918
2017-02-15,1661,1661,0,186,33,796,283,117,0,0,33,0.78,0,0.22,0.961,0,0.039,0,38,30127
2017-02-16,1665,1665,0,189,43,709,246,323,0,0,34,0.9048,0,0.0952,0.9757,0,0.0243,0,38,30544
2017-02-17,1671,1671,0,283,73,601,197,610,0,0,69,0.8984,0,0.1016,0.9872,0,0.0128,0,39,31306
2017-02-18,1676,1676,0,142,26,575,184,53,0,0,59,0.4732,0,0.5268,0.8821,0,0.1179,0,39,31470
2017-02-19,1682,1682,0,131,24,561,178,110,0,0,7,0.9402,0,0.0598,0.97,0,0.03,0,39,31638
2017-02-20,1690,1690,0,137,18,533,167,37,0,0,20,0.6491,0,0.3509,0.9249,0,0.0751,0,39,31738
2017-02-21,1699,1699,0,270,42,510,135,201,0,0,36,0.8481,0,0.1519,0.9712,0,0.0288,0,40,32045
2017-02-22,1704,1704,0,150,31,495,134,43,0,0,63,0.4057,0,0.5943,0.8528,0,0.1472,0,40,32204
2017-02-23,1712,1712,0,137,22,486,126,55,0,0,37,0.5978,0,0.4022,0.9248,0,0.0752,0,40,32338
2017-02-24,1726,1726,0,228,41,463,105,231,0,0,35,0.8684,0,0.1316,0.9696,0,0.0304,0,41,32687
2017-02-25,1727,1727,0,103,12,452,100,21,0,0,3,0.875,0,0.125,0.9739,0,0.0261,0,41,32724
2017-02-26,1731,1731,0,99,14,448,97,54,0,0,46,0.54,0,0.46,0.8518,0,0.1482,0,41,32847
2017-02-27,1737,1737,0,130,15,438,95,42,0,0,29,0.5915,0,0.4085,0.9002,0,0.0998,0,41,32945
2017-02-28,1740,1740,0,217,36,403,85,194,0,0,160,0.548,0,0.452,0.8787,0,0.1213,0,41,33322
2017-03-01,1742,1742,0,179,20,406,81,82,0,0,1,0.988,0,0.012,0.9936,0,0.0064,0,41,33424
2017-03-02,1747,1747,0,163,25,402,83,88,0,0,12,0.88,0,0.12,0.9695,0,0.0305,0,42,33547
2017-03-03,1751,1751,0,209,23,383,72,87,0,0,90,0.4915,0,0.5085,0.8827,0,0.1173,0,43,33747
2017-03-04,1753,1753,0,85,5,382,75,4,0,0,4,0.5,0,0.5,0.9653,0,0.0347,0,43,33772
2017-03-05,1758,1758,0,90,5,386,72,4,0,0,3,0.5714,0,0.4286,0.9511,0,0.0489,0,43,33802
2017-03-06,1761,1761,0,121,8,388,72,20,0,0,0,1,0,0,0.9815,0,0.0185,0,43,33861
2017-03-07,1764,1764,0,104,3,374,58,3,0,0,0,1,0,0,0.9792,0,0.0208,0,43,33884
2017-03-08,1767,1767,0,114,11,362,56,21,0,0,59,0.2625,0,0.7375,0.7243,0,0.2757,0,43,33982
2017-03-09,1771,1771,0,99,8,357,51,16,0,0,8,0.6667,0,0.3333,0.9508,0,0.0492,0,43,34031
2017-03-10,2067,2067,0,438,141,591,166,137,0,0,115,0.5437,0,0.4563,0.8699,0,0.1301,0,44,35288
2017-03-11,2756,2756,0,742,293,1166,438,247,0,0,292,0.4583,0,0.5417,0.8591,0,0.1409,0,45,38114
2017-03-12,3226,3226,0,650,217,1563,623,190,0,0,240,0.4419,0,0.5581,0.8496,0,0.1504,0,45,40189
2017-03-13,3754,3754,0,1214,408,2102,928,716,63,0,776,0.4605,0.0405,0.499,0.8832,0.0071,0.1097,0,50,44040
2017-03-14,3962,3962,0,1376,457,2355,1157,4347,45,0,2880,0.5978,0.0062,0.396,0.954,0.0007,0.0453,0,56,53316
2017-03-15,4038,4038,0,1006,314,2445,1237,3411,24,0,1712,0.6627,0.0047,0.3326,0.9592,0.0006,0.0402,0,61,59709
2017-03-16,4072,4072,0,769,241,2481,1264,2305,31,0,1038,0.6832,0.0092,0.3076,0.9573,0.0009,0.0418,0,63,63615
2017-03-17,4094,4094,0,703,205,2402,1205,1732,4,0,541,0.7606,0.0018,0.2376,0.9656,0.0003,0.0341,0,66,66370
2017-03-18,4107,4107,0,432,94,2210,1033,288,16,0,162,0.618,0.0343,0.3476,0.9146,0.0062,0.0792,0,67,66995
2017-03-19,4119,4119,0,341,78,2046,916,297,26,0,352,0.44,0.0385,0.5215,0.8619,0.01,0.1281,0,66,67806
2017-03-20,4130,4130,0,380,65,1790,689,158,4,0,352,0.3074,0.0078,0.6848,0.8215,0.003,0.1755,0,67,68425
2017-03-21,4136,4136,0,356,49,1412,492,152,0,0,183,0.4537,0,0.5463,0.8907,0,0.1093,0,67,68814
2017-03-22,4152,4152,0,422,46,1226,398,113,0,0,286,0.2832,0,0.7168,0.8012,0,0.1988,0,67,69305
2017-03-23,4163,4163,0,280,27,1087,324,55,0,0,62,0.4701,0,0.5299,0.922,0,0.078,0,67,69504
2017-03-24,4168,4168,0,242,22,936,234,54,0,0,31,0.6353,0,0.3647,0.9605,0,0.0395,0,67,69632
2017-03-25,4171,4171,0,159,12,863,193,28,0,0,2,0.9333,0,0.0667,0.9865,0,0.0135,0,67,69682
2017-03-26,4176,4176,0,158,13,811,156,15,0,0,4,0.7895,0,0.2105,0.9688,0.0022,0.029,0,67,69739
2017-03-27,4184,4184,0,228,9,760,126,9,0,0,57,0.1364,0,0.8636,0.8316,0.0015,0.1669,0,67,69849
2017-03-28,4189,4189,0,223,12,725,104,26,0,0,30,0.4643,0,0.5357,0.9481,0,0.0519,0,67,69947
2017-03-29,4199,4199,0,212,24,638,89,47,0,0,132,0.2626,0,0.7374,0.7612,0,0.2388,0,67,70173
2017-03-30,4207,4207,0,171,30,597,91,70,0,0,95,0.4242,0,0.5758,0.838,0,0.162,0,67,70400
2017-03-31,4211,4211,0,160,28,555,94,53,5,0,41,0.5354,0.0505,0.4141,0.8657,0.0126,0.1217,0,67,70564
2017-04-01,4213,4213,0,108,12,537,91,24,0,0,16,0.6,0,0.4,0.9191,0,0.0809,0,67,70625
2017-04-02,4214,4214,0,85,9,511,86,6,0,0,6,0.5,0,0.5,0.9212,0,0.0788,0,67,70655
2017-04-03,4217,4217,0,137,13,487,84,9,0,0,24,0.2727,0,0.7273,0.868,0,0.132,0,67,70707
2017-04-04,4223,4223,0,146,18,451,86,46,0,0,10,0.8214,0,0.1786,0.9726,0,0.0274,0,67,70797
2017-04-05,4225,4225,0,143,17,425,80,41,0,0,37,0.5256,0,0.4744,0.8912,0,0.1088,0,67,70896
2017-04-06,4226,4226,0,116,14,401,72,3,0,0,90,0.0323,0,0.9677,0.5934,0.0027,0.4038,0,67,71004
2017-04-07,4230,4230,0,102,14,384,60,5,0,0,14,0.2632,0,0.7368,0.9011,0,0.0989,0,67,71041
2017-04-08,4230,4230,0,79,1,372,55,2,0,0,0,1,0,0,0.9831,0,0.0169,0,67,71048
2017-04-09,4230,4230,0,52,3,367,52,2,0,0,7,0.2222,0,0.7778,0.8111,0,0.1889,0,67,71060
2017-04-10,4230,4230,0,70,1,340,46,0,0,0,1,0,0,1,0.98,0,0.02,0,67,71065
2017-04-11,4233,4233,0,91,10,323,43,19,0,0,13,0.5938,0,0.4063,0.9254,0,0.0746,0,67,71119
2017-04-12,4240,4240,0,99,8,298,37,21,0,0,2,0.913,0,0.087,0.9809,0,0.0191,0,67,71167
2017-04-13,4241,4241,0,95,9,278,37,10,0,0,1,0.9091,0,0.0909,0.987,0,0.013,0,67,71182
2017-04-14,4242,4242,0,66,4,265,29,2,0,0,2,0.5,0,0.5,0.9677,0,0.0323,0,67,71193
2017-04-15,4242,4242,0,36,1,251,29,4,0,0,0,1,0,0,0.9833,0,0.0167,0,67,71198
2017-04-16,4242,4242,0,22,1,234,28,0,0,0,1,0,0,1,0.9677,0,0.0323,0,67,71199
2017-04-17,4250,4250,0,188,19,308,43,31,0,0,52,0.3735,0,0.6265,0.8253,0,0.1747,0,67,71317
2017-04-18,4259,4259,0,148,7,341,41,17,0,0,15,0.5313,0,0.4688,0.9076,0,0.0924,0,67,71399
2017-04-19,4262,4262,0,99,12,346,45,5,0,0,11,0.3125,0,0.6875,0.8629,0,0.1371,0,67,71446
2017-04-20,4268,4268,0,99,12,349,48,14,0,0,28,0.3333,0,0.6667,0.8149,0,0.1851,0,67,71514
2017-04-21,4270,4270,0,86,2,350,46,1,0,0,0,1,0,0,0.9669,0,0.0331,0,67,71523
2017-04-22,4272,4272,0,85,4,359,48,12,0,0,22,0.3529,0,0.6471,0.8839,0,0.1161,0,67,71570
2017-04-23,4274,4274,0,52,5,360,51,5,0,0,2,0.7143,0,0.2857,0.936,0,0.064,0,67,71590
2017-04-24,4279,4279,0,82,3,291,39,2,0,0,10,0.1667,0,0.8333,0.8838,0,0.1162,0,67,71628
2017-04-25,4283,4283,0,76,7,252,39,9,0,0,5,0.6429,0,0.3571,0.9574,0,0.0426,0,67,71666
2017-04-26,4284,4284,0,66,2,225,29,4,0,0,0,1,0,0,0.9764,0,0.0236,0,67,71675
2017-04-27,4285,4285,0,64,6,207,22,3,0,0,9,0.25,0,0.75,0.8836,0,0.1164,0,67,71695
2017-04-28,4299,4299,0,137,10,247,28,14,0,0,5,0.7368,0,0.2632,0.9497,0,0.0503,0,67,71768
2017-04-29,4332,4332,0,123,20,284,43,15,0,0,16,0.4839,0,0.5161,0.8563,0,0.1437,0,67,71925
2017-04-30,4345,4345,0,65,12,295,47,14,0,0,10,0.5833,0,0.4167,0.8879,0,0.1121,0,67,72015
2017-05-01,4423,4423,0,155,33,364,75,28,0,0,48,0.3684,0,0.6316,0.8372,0,0.1628,0,67,72365
2017-05-02,4495,4495,0,151,39,421,107,49,0,0,38,0.5632,0,0.4368,0.8975,0,0.1025,0,67,72676
2017-05-03,4560,4560,0,147,21,466,125,19,0,0,22,0.4634,0,0.5366,0.9171,0,0.0829,0,67,72875
2017-05-04,4673,4673,0,186,54,565,173,41,0,0,54,0.4316,0,0.5684,0.8856,0,0.1144,0,67,73274
2017-05-05,4754,4754,0,164,41,591,202,53,0,0,76,0.4109,0,0.5891,0.883,0,0.117,0,67,73657
2017-05-06,4780,4780,0,89,16,558,199,11,0,0,18,0.3793,0,0.6207,0.832,0,0.168,0,67,73761
2017-05-07,4795,4795,0,90,22,563,207,25,0,0,24,0.5102,0,0.4898,0.8718,0,0.1282,0,67,73923
2017-05-08,4835,4835,0,130,25,528,197,17,0,0,45,0.2742,0,0.7258,0.7825,0,0.2175,0,67,74110
2017-05-09,4904,4904,0,200,43,550,196,79,0,0,92,0.462,0,0.538,0.8385,0,0.1615,0,67,74512
2017-05-10,4989,4989,0,200,43,589,216,28,0,0,171,0.1407,0,0.8593,0.6532,0,0.3468,0,68,75007
2017-05-11,5660,5660,0,670,271,1076,433,354,0,0,308,0.5347,0,0.4653,0.8734,0,0.1266,0,68,77937
2017-05-12,6125,6125,0,583,208,1418,592,138,0,0,236,0.369,0,0.631,0.7522,0,0.2478,0,68,80324
2017-05-13,6249,6249,0,274,75,1516,641,51,0,0,71,0.418,0,0.582,0.7463,0,0.2537,0,68,80999
2017-05-14,6349,6349,0,237,61,1583,670,26,0,0,71,0.268,0,0.732,0.7168,0,0.2832,0,68,81590
2017-05-15,6887,6887,0,1097,416,2210,1000,877,6,0,361,0.705,0.0048,0.2902,0.9221,0.0006,0.0773,0,75,85548
2017-05-16,7161,7161,0,1298,833,2617,1476,2815,32,0,1073,0.7181,0.0082,0.2737,0.9667,0.0006,0.0327,0,76,94199
2017-05-17,7262,7262,0,677,321,2705,1566,756,0,0,273,0.7347,0,0.2653,0.9155,0.0001,0.0844,0,81,97869
2017-05-18,7306,7306,0,425,159,2449,1431,277,0,0,108,0.7195,0,0.2805,0.9251,0,0.0749,0,81,99297
2017-05-19,7354,7354,0,454,182,2280,1364,368,0,0,600,0.3802,0,0.6198,0.7778,0,0.2222,0,81,101416
2017-05-20,7375,7375,0,451,203,2253,1361,678,0,0,56,0.9237,0,0.0763,0.9858,0,0.0142,0,82,102619
2017-05-21,7393,7393,0,275,113,2216,1347,291,0,0,95,0.7539,0,0.2461,0.9381,0,0.0619,0,84,103464
2017-05-22,7421,7421,0,349,110,1829,1169,257,0,0,54,0.8264,0,0.1736,0.9604,0,0.0396,0,84,104414
2017-05-23,7427,7427,0,445,155,1267,694,483,0,0,34,0.9342,0,0.0658,0.9851,0,0.0149,0,84,105297
2017-05-24,7445,7445,0,283,86,1086,540,356,0,0,50,0.8768,0,0.1232,0.9677,0,0.0323,0,84,106126
2017-05-25,7460,7460,0,294,134,1041,527,683,0,0,58,0.9217,0,0.0783,0.941,0,0.059,0,84,107768
2017-05-26,7470,7470,0,259,70,947,466,267,0,0,89,0.75,0,0.25,0.9052,0,0.0948,0,84,108362
2017-05-27,7480,7480,0,303,106,882,410,441,0,0,82,0.8432,0,0.1568,0.9567,0,0.0433,0,84,109204
2017-05-28,7487,7487,0,197,49,862,378,141,0,0,51,0.7344,0,0.2656,0.931,0,0.069,0,84,109607
2017-05-29,7496,7496,0,177,42,816,359,78,0,0,8,0.907,0,0.093,0.9702,0,0.0298,0,84,109896
2017-05-30,7511,7511,0,215,49,747,305,42,0,0,47,0.4719,0,0.5281,0.8833,0,0.1167,0,84,110285
2017-05-31,7518,7518,0,305,60,728,296,86,0,0,77,0.5276,0,0.4724,0.8864,0,0.1136,0,84,110709
2017-06-01,7518,7518,0,181,31,668,237,36,0,0,52,0.4091,0,0.5909,0.8779,0,0.1221,0,84,110831
2017-06-02,7523,7523,0,245,45,670,231,58,0,0,39,0.5979,0,0.4021,0.9264,0,0.0736,0,84,111089
2017-06-03,7529,7529,0,273,80,647,213,336,0,0,164,0.672,0,0.328,0.9148,0,0.0852,0,85,111787
2017-06-04,7534,7534,0,169,46,630,209,55,0,0,452,0.1085,0,0.8915,0.4539,0,0.5461,0,85,112435
2017-06-05,7537,7537,0,188,55,628,210,78,0,0,578,0.1189,0,0.8811,0.5517,0,0.4483,0,85,113193
2017-06-06,7543,7543,0,307,88,636,216,310,0,0,234,0.5699,0,0.4301,0.8863,0,0.1137,0,85,113949
2017-06-07,7548,7548,0,204,70,620,223,140,0,0,15,0.9032,0,0.0968,0.9544,0,0.0456,0,85,114656
2017-06-08,7553,7553,0,147,33,604,222,51,0,0,11,0.8226,0,0.1774,0.9432,0,0.0568,0,85,114833
2017-06-09,7556,7556,0,168,40,582,219,61,0,0,172,0.2618,0,0.7382,0.6951,0,0.3049,0,85,115167
2017-06-10,7561,7561,0,190,56,553,202,240,0,0,110,0.6857,0,0.3143,0.9237,0,0.0763,0,85,115657
2017-06-11,7563,7563,0,115,31,536,191,61,0,0,13,0.8243,0,0.1757,0.9551,0,0.0449,0,85,115795
2017-06-12,7573,7573,0,180,44,532,194,156,0,0,224,0.4105,0,0.5895,0.7878,0,0.2122,0,85,116358
2017-06-13,7576,7576,0,277,73,506,186,257,0,0,235,0.5224,0,0.4776,0.8789,0,0.1211,0,85,116999
2017-06-14,7578,7578,0,144,36,473,159,76,0,0,13,0.8539,0,0.1461,0.9712,0,0.0288,0,85,117151
2017-06-15,7580,7580,0,143,39,472,159,63,0,0,27,0.7,0,0.3,0.9466,0,0.0534,0,85,117312
2017-06-16,7585,7585,0,131,36,455,155,75,0,0,68,0.5245,0,0.4755,0.8915,0,0.1085,0,85,117551
2017-06-17,7586,7586,0,96,32,448,151,76,0,0,52,0.5938,0,0.4063,0.8902,0,0.1098,0,85,117729
2017-06-18,7587,7587,0,80,16,435,144,37,0,0,21,0.6379,0,0.3621,0.8689,0,0.1311,0,85,117813
2017-06-19,7589,7589,0,120,23,418,139,24,0,0,12,0.6667,0,0.3333,0.9569,0,0.0431,0,85,117918
2017-06-20,7592,7592,0,103,25,324,123,63,0,0,184,0.2551,0,0.7449,0.6823,0,0.3177,0,85,118237
2017-06-21,7595,7595,0,115,25,307,115,61,0,0,140,0.3035,0,0.6965,0.7307,0,0.2693,0,85,118543
2017-06-22,7602,7602,0,98,24,286,105,50,0,0,208,0.1938,0,0.8062,0.5859,0,0.4141,0,85,118922
2017-06-23,7604,7604,0,88,23,274,101,33,0,0,131,0.2012,0,0.7988,0.6259,0,0.3741,0,85,119139
2017-06-24,7604,7604,0,66,12,267,87,6,0,0,11,0.3529,0,0.6471,0.8696,0,0.1304,0,85,119157
2017-06-25,7605,7605,0,62,13,264,85,36,0,0,181,0.1659,0,0.8341,0.5507,0,0.4493,0,85,119397
2017-06-26,7607,7607,0,89,14,258,71,10,0,0,109,0.084,0,0.916,0.5953,0,0.4047,0,85,119578
2017-06-27,7607,7607,0,92,17,248,67,36,0,0,2,0.9474,0,0.0526,0.9815,0,0.0185,0,85,119618
2017-06-28,7608,7608,0,86,12,242,66,39,0,0,11,0.78,0,0.22,0.9312,0,0.0688,0,85,119695
2017-06-29,7608,7608,0,81,11,246,65,13,0,0,11,0.5417,0,0.4583,0.8643,0,0.1357,0,85,119720
2017-06-30,7608,7608,0,53,12,229,57,12,0,0,11,0.5217,0,0.4783,0.8429,0,0.1571,0,85,119754
2017-07-01,7608,7608,0,32,10,227,59,5,0,0,9,0.3571,0,0.6429,0.7907,0,0.2093,0,85,119769
2017-07-02,7608,7608,0,48,7,215,57,8,0,0,4,0.6667,0,0.3333,0.944,0,0.056,0,85,119786
2017-07-03,7613,7613,0,64,10,204,51,4,0,0,17,0.1905,0,0.8095,0.7692,0,0.2308,0,85,119887
2017-07-04,7613,7613,0,58,13,203,46,5,0,0,17,0.2273,0,0.7727,0.8061,0,0.1939,0,85,119918
2017-07-05,7613,7613,0,78,12,204,43,12,0,0,54,0.1818,0,0.8182,0.7093,0,0.2907,0,85,119996
2017-07-06,7616,7616,0,101,24,214,57,15,0,0,57,0.2083,0,0.7917,0.7077,0,0.2923,0,85,120133
2017-07-07,7621,7621,0,95,22,219,68,7,0,0,57,0.1094,0,0.8906,0.6558,0,0.3442,0,85,120340
2017-07-08,7624,7624,0,62,9,231,69,5,0,0,5,0.5,0,0.5,0.8452,0,0.1548,0,85,120408
2017-07-09,7624,7624,0,52,7,233,72,9,0,0,0,1,0,0,0.9057,0,0.0943,0,85,120422
2017-07-10,7625,7625,0,56,11,235,74,9,0,0,3,0.75,0,0.25,0.9097,0,0.0903,0,85,120452
2017-07-11,7625,7625,0,71,11,242,71,3,0,0,23,0.1154,0,0.8846,0.7377,0,0.2623,0,85,120484
2017-07-12,7625,7625,0,184,9,315,70,19,0,0,2,0.9048,0,0.0952,0.9725,0,0.0275,0,85,120507
2017-07-13,7625,7625,0,87,5,330,58,1,0,0,2,0.3333,0,0.6667,0.9485,0,0.0515,0,86,120513
2017-07-14,7625,7625,0,63,9,320,50,10,0,0,5,0.6667,0,0.3333,0.9441,0,0.0559,0,86,120531
2017-07-15,7625,7625,0,47,11,314,49,5,0,0,2,0.7143,0,0.2857,0.9281,0,0.0719,0,86,120585
2017-07-16,7625,7625,0,40,5,311,47,8,0,0,0,1,0,0,1,0,0,0,86,120593
2017-07-17,7625,7625,0,69,3,314,43,3,0,0,0,1,0,0,1,0,0,0,86,120596
2017-07-18,7628,7628,0,57,9,307,41,8,0,0,3,0.7273,0,0.2727,0.9568,0,0.0432,0,86,120660
2017-07-19,7628,7628,0,42,4,214,37,1,0,0,6,0.1429,0,0.8571,0.8444,0,0.1556,0,86,120667
2017-07-20,7628,7628,0,46,6,199,36,6,0,0,4,0.6,0,0.4,0.8991,0,0.1009,0,86,120682
2017-07-21,7628,7628,0,48,6,189,34,2,0,0,2,0.5,0,0.5,0.9747,0,0.0253,0,86,120687
2017-07-22,7628,7628,0,40,2,187,27,2,0,0,0,1,0,0,1,0,0,0,86,120689
2017-07-23,7628,7628,0,41,9,186,28,2,0,0,17,0.1053,0,0.8947,0.6757,0,0.3243,0,86,120715
2017-07-24,7628,7628,0,48,10,186,34,2,0,0,43,0.0444,0,0.9556,0.4907,0,0.5093,0,86,120766
2017-07-25,7629,7629,0,56,11,184,31,17,0,0,7,0.7083,0,0.2917,0.8608,0,0.1392,0,86,120814
2017-07-26,7629,7629,0,56,8,183,31,11,0,0,18,0.3793,0,0.6207,0.8037,0,0.1963,0,86,120842
2017-07-27,7629,7629,0,42,1,173,29,1,0,0,0,1,0,0,0.9512,0,0.0488,0,86,120845
2017-07-28,7630,7630,0,32,4,167,26,0,0,0,13,0,0,1,0.6567,0,0.3433,0,86,120880
2017-07-29,7630,7630,0,41,5,166,27,4,0,0,2,0.6667,0,0.3333,0.9524,0,0.0476,0,86,120888
2017-07-30,7630,7630,0,36,5,162,25,2,0,0,14,0.125,0,0.875,0.6667,0,0.3333,0,86,120906
2017-07-31,7632,7632,0,62,5,163,24,4,0,0,10,0.2857,0,0.7143,0.8343,0,0.1657,0,86,120970
2017-08-01,7632,7632,0,41,3,160,19,0,0,0,5,0,0,1,0.8065,0,0.1935,0,86,120975
2017-08-02,7632,7632,0,22,0,154,16,0,0,0,0,0,0,0,1,0,0,0,86,120975
2017-08-03,7632,7632,0,18,3,151,18,0,0,0,3,0,0,1,0.9048,0,0.0952,0,86,120979
2017-08-04,7632,7632,0,8,2,149,17,0,0,0,1,0,0,1,0.9,0,0.1,0,86,120980
2017-08-05,7632,7632,0,41,4,148,17,1,0,0,8,0.1111,0,0.8889,0.8103,0,0.1897,0,86,120989
2017-08-06,7632,7632,0,24,4,145,17,0,0,0,7,0,0,1,0.75,0,0.25,0,86,120996
2017-08-07,7630,7630,0,131,8,196,19,6,0,0,4,0.6,0,0.4,0.9635,0,0.0365,0,86,121006
2017-08-08,7628,7628,0,166,6,236,19,2,0,0,4,0.3333,0,0.6667,0.9695,0,0.0305,0,86,121012
2017-08-09,7629,7629,0,91,2,248,20,2,0,0,0,1,0,0,0.9921,0,0.0079,0,86,121030
2017-08-10,7629,7629,0,54,3,253,21,5,0,0,2,0.7143,0,0.2857,0.9647,0,0.0353,0,86,121045
2017-08-11,7629,7629,0,63,7,261,23,44,0,0,5,0.898,0,0.102,0.9526,0,0.0474,0,86,121099
2017-08-12,7629,7629,0,27,0,257,22,0,0,0,0,0,0,0,1,0,0,0,86,121099
2017-08-13,7628,7628,0,39,3,261,23,2,0,0,3,0.4,0,0.6,0.8654,0,0.1346,0,86,121104
2017-08-14,7629,7629,0,70,4,255,18,3,0,0,10,0.2308,0,0.7692,0.8134,0,0.1866,0,86,121133
2017-08-15,7629,7629,0,41,5,192,16,1,0,0,3,0.25,0,0.75,0.9394,0,0.0606,0,86,121151
2017-08-16,7630,7630,0,45,4,176,18,3,0,0,0,1,0,0,0.9885,0,0.0115,0,86,121169
2017-08-17,7631,7631,0,73,2,174,17,1,0,0,2,0.3333,0,0.6667,0.96,0,0.04,0,86,121189
2017-08-18,7631,7631,0,75,4,172,17,3,0,0,30,0.0909,0,0.9091,0.7326,0,0.2674,0,86,121222
2017-08-19,7631,7631,0,54,3,175,18,1,0,0,8,0.1111,0,0.8889,0.7805,0,0.2195,0,86,121231
2017-08-20,7631,7631,0,27,1,177,17,0,0,0,0,0,0,0,1,0,0,0,86,121232
2017-08-21,7631,7631,0,28,2,175,18,0,0,0,5,0,0,1,0.7143,0,0.2857,0,86,121237
2017-08-22,7632,7632,0,88,6,186,17,1,0,0,15,0.0625,0,0.9375,0.8161,0,0.1839,0,86,121286
2017-08-23,7632,7632,0,64,3,189,15,6,0,0,1,0.8571,0,0.1429,0.9814,0,0.0186,0,86,121308
2017-08-24,7631,7631,0,47,0,181,14,0,0,0,0,0,0,0,1,0,0,0,86,121308
2017-08-25,7631,7631,0,32,0,179,14,0,0,0,0,0,0,0,1,0,0,0,86,121308
2017-08-26,7632,7632,0,46,3,179,15,0,0,0,0,0,0,0,0.9726,0,0.0274,0,86,121327
2017-08-27,7632,7632,0,43,1,175,15,0,0,0,0,0,0,0,1,0,0,0,86,121329
2017-08-28,7632,7632,0,40,0,176,13,0,0,0,0,0,0,0,1,0,0,0,86,121329
2017-08-29,7632,7632,0,26,3,159,10,1,0,0,2,0.3333,0,0.6667,0.9189,0,0.0811,0,86,121332
2017-08-30,7632,7632,0,77,3,167,10,5,0,0,0,1,0,0,0.9943,0,0.0057,0,86,121336
2017-08-31,7631,7631,0,40,1,168,11,0,0,0,0,0,0,0,1,0,0,0,86,121344
2017-09-01,7632,7632,0,54,4,166,13,0,0,0,12,0,0,1,0.7412,0,0.2588,0,86,121377
2017-09-02,7632,7632,0,15,1,161,12,0,0,0,2,0,0,1,0.85,0,0.15,0,86,121379
2017-09-03,7632,7632,0,15,1,153,12,0,0,0,0,0,0,0,0.9333,0,0.0667,0,86,121381
2017-09-04,7632,7632,0,55,2,152,14,1,0,0,0,1,0,0,1,0,0,0,86,121382
2017-09-05,7634,7634,0,68,0,157,11,0,0,0,0,0,0,0,0.9492,0,0.0508,0,86,121416
2017-09-06,7635,7635,0,66,1,150,10,0,0,0,0,0,0,0,0.9647,0,0.0353,0,86,121433
2017-09-07,7635,7635,0,72,3,146,12,5,0,0,1,0.8333,0,0.1667,0.9355,0,0.0645,0,86,121441
2017-09-08,7636,7636,0,77,2,148,9,1,0,0,1,0.5,0,0.5,0.9658,0,0.0342,0,86,121462
2017-09-09,7636,7636,0,44,1,149,9,0,0,0,1,0,0,1,0.9538,0,0.0462,0,86,121481
2017-09-10,7636,7636,0,18,3,153,11,4,0,0,0,1,0,0,0.963,0,0.037,0,86,121485
2017-09-11,7636,7636,0,71,3,154,10,6,0,0,0,1,0,0,0.9932,0,0.0068,0,86,121489
2017-09-12,7636,7636,0,38,2,151,11,0,0,0,1,0,0,1,0.988,0,0.012,0,86,121499
2017-09-13,7636,7636,0,61,4,154,14,1,0,0,0,1,0,0,0.9794,0,0.0206,0,86,121503
2017-09-14,7636,7636,0,51,3,158,14,0,0,0,1,0,0,1,0.9219,0,0.0781,0,86,121510
2017-09-15,7641,7641,0,107,15,181,26,17,0,0,2,0.8947,0,0.1053,0.9683,0,0.0317,0,86,121610
2017-09-16,7989,7989,0,473,117,549,137,131,0,0,176,0.4267,0,0.5733,0.8556,0,0.1444,0,86,127447
2017-09-17,8116,8116,0,254,56,673,185,49,0,0,56,0.4667,0,0.5333,0.885,0,0.115,0,86,129554
2017-09-18,8333,8333,0,493,132,897,291,184,0,0,129,0.5879,0,0.4121,0.934,0,0.066,0,87,133343
2017-09-19,8406,8406,0,458,176,998,397,734,0,0,205,0.7817,0,0.2183,0.9641,0,0.0359,0,87,135684
2017-09-20,8439,8439,0,360,89,1050,421,1038,0,0,279,0.7882,0,0.2118,0.9354,0,0.0646,0,87,137647
2017-09-21,8459,8459,0,292,75,1074,432,595,0,0,518,0.5346,0,0.4654,0.8284,0,0.1716,0,87,139176
2017-09-22,8468,8468,0,257,79,1082,443,677,0,0,956,0.4146,0,0.5854,0.7415,0,0.2585,0,87,141060
2017-09-23,8473,8473,0,233,53,927,376,431,0,0,364,0.5421,0,0.4579,0.848,0,0.152,0,87,141960
2017-09-24,8476,8476,0,152,31,869,353,251,0,0,101,0.7131,0,0.2869,0.905,0,0.095,0,87,142395
2017-09-25,8492,8492,0,206,39,741,279,334,0,0,83,0.801,0,0.199,0.9533,0,0.0467,0,87,143075
2017-09-26,8538,8538,0,221,46,631,188,124,0,0,387,0.2427,0,0.7573,0.752,0,0.248,0,87,144312
2017-09-27,8556,8556,0,151,37,562,164,107,0,0,312,0.2554,0,0.7446,0.731,0,0.269,0,87,145026
2017-09-28,8563,8563,0,144,32,536,147,184,0,0,438,0.2958,0,0.7042,0.6305,0,0.3695,0,87,145770
2017-09-29,8567,8567,0,115,17,525,121,55,0,0,30,0.6471,0,0.3529,0.9101,0,0.0899,0,87,145937
2017-09-30,8569,8569,0,79,7,489,101,4,0,0,171,0.0229,0,0.9771,0.3671,0,0.6329,0,87,146147
2017-10-01,8569,8569,0,77,8,462,95,10,0,0,53,0.1587,0,0.8413,0.6655,0,0.3345,0,87,146209
2017-10-02,8572,8572,0,113,14,427,89,32,0,0,5,0.8649,0,0.1351,0.968,0,0.032,0,87,146307
2017-10-03,8575,8575,0,115,14,351,74,35,0,0,5,0.875,0,0.125,0.9794,0,0.0206,0,87,146398
2017-10-04,8578,8578,0,103,17,317,63,13,0,0,176,0.0688,0,0.9312,0.4836,0,0.5164,0,87,146639
2017-10-05,8599,8599,0,110,15,287,53,18,0,0,14,0.5625,0,0.4375,0.9375,0,0.0625,0,87,146993
2017-10-06,8608,8608,0,118,12,280,51,26,0,0,52,0.3333,0,0.6667,0.8325,0,0.1675,0,87,147218
2017-10-07,8615,8615,0,75,7,272,54,3,0,0,6,0.3333,0,0.6667,0.9171,0,0.0829,0,87,147340
2017-10-08,8615,8615,0,70,6,280,53,4,0,0,21,0.16,0,0.84,0.7989,0,0.2011,0,87,147382
2017-10-09,8616,8616,0,101,9,277,50,17,0,0,6,0.7391,0,0.2609,0.9808,0,0.0192,0,87,147421
2017-10-10,8618,8618,0,93,15,270,50,31,0,0,61,0.337,0,0.663,0.7472,0,0.2528,0,87,147557
2017-10-11,8621,8621,0,86,10,264,42,7,0,0,296,0.0231,0,0.9769,0.29,0,0.71,0,87,147922
2017-10-12,8621,8621,0,61,6,250,40,2,0,0,49,0.0392,0,0.9608,0.5604,0,0.4396,0,87,147975
2017-10-13,8621,8621,0,52,11,241,41,20,0,0,91,0.1802,0,0.8198,0.4333,0,0.5667,0,87,148091
2017-10-14,8623,8623,0,55,8,237,40,9,0,0,53,0.1452,0,0.8548,0.588,0,0.412,0,87,148186
2017-10-15,8623,8623,0,48,7,217,39,4,0,0,19,0.1739,0,0.8261,0.6636,0,0.3364,0,87,148212
2017-10-16,8660,8660,0,131,12,252,41,2,0,0,15,0.1176,0,0.8824,0.8997,0,0.1003,0,87,148783
2017-10-17,8667,8667,0,133,11,274,39,7,0,0,10,0.4118,0,0.5882,0.9219,0,0.0781,0,87,148910
2017-10-18,8672,8672,0,71,7,270,39,6,0,0,4,0.6,0,0.4,0.9231,0,0.0769,0,87,149002
2017-10-19,8676,8676,0,82,4,269,38,2,0,0,2,0.5,0,0.5,0.9318,0,0.0682,0,87,149067
2017-10-20,8678,8678,0,79,7,269,35,0,0,0,137,0,0,1,0.3588,0,0.6412,0,87,149248
2017-10-21,8680,8680,0,72,5,275,37,13,0,0,0,1,0,0,0.9912,0,0.0088,0,87,149291
2017-10-22,8682,8682,0,60,4,275,35,2,0,0,175,0.0113,0,0.9887,0.2371,0,0.7629,0,87,149498
2017-10-23,8682,8682,0,64,1,225,26,1,0,0,0,1,0,0,1,0,0,0,87,149499
2017-10-24,8681,8681,0,58,5,191,22,1,0,0,3,0.25,0,0.75,0.9438,0,0.0562,0,87,149505
2017-10-25,8681,8681,0,79,12,188,22,3,0,0,26,0.1034,0,0.8966,0.7751,0,0.2249,0,87,149542
2017-10-26,8682,8682,0,70,5,187,22,2,0,0,19,0.0952,0,0.9048,0.7031,0.0078,0.2891,0,87,149581
2017-10-27,8687,8687,0,75,8,186,24,0,0,0,17,0,0,1,0.8341,0,0.1659,0,87,149683
2017-10-28,8687,8687,0,54,3,183,26,1,0,0,0,1,0,0,0.9903,0,0.0097,0,87,149686
2017-10-29,8687,8687,0,39,1,179,27,1,0,0,0,1,0,0,0.9804,0,0.0196,0,87,149690
2017-10-30,8688,8688,0,57,0,173,27,0,0,0,0,0,0,0,1,0,0,0,87,149704
2017-10-31,8690,8690,0,55,2,172,25,0,0,0,2,0,0,1,0.9506,0,0.0494,0,87,149737
2017-11-01,8693,8693,0,68,4,176,21,5,0,0,1,0.8333,0,0.1667,0.953,0,0.047,0,87,149791
2017-11-02,8695,8695,0,59,3,176,20,17,0,0,1,0.9444,0,0.0556,0.9897,0,0.0103,0,87,149850
2017-11-03,8696,8696,0,58,2,167,13,2,0,0,0,1,0,0,0.9669,0,0.0331,0,87,149873
2017-11-04,8697,8697,0,38,3,165,12,15,0,0,0,1,0,0,1,0,0,0,87,149901
2017-11-05,8698,8698,0,41,1,176,12,0,0,0,0,0,0,0,0.9531,0,0.0469,0,87,149917
2017-11-06,8700,8700,0,83,2,198,13,4,0,0,0,1,0,0,0.9847,0,0.0153,0,87,149954
2017-11-07,8701,8701,0,63,0,212,12,0,0,0,0,0,0,0,1,0,0,0,87,149969
2017-11-08,8703,8703,0,69,6,218,14,0,0,0,6,0,0,1,0.9211,0,0.0789,0,87,150012
2017-11-09,8704,8704,0,75,5,222,15,4,0,0,3,0.5714,0,0.4286,0.9706,0,0.0294,0,87,150035
2017-11-10,8704,8704,0,60,3,231,16,2,0,0,0,1,0,0,1,0,0,0,87,150037
2017-11-11,8705,8705,0,53,10,239,22,13,0,0,15,0.4643,0,0.5357,0.8947,0,0.1053,0,87,150093
2017-11-12,8706,8706,0,51,3,226,21,6,0,0,2,0.75,0,0.25,0.9663,0,0.0337,0,87,150123
2017-11-13,8706,8706,0,67,2,205,21,0,0,0,1,0,0,1,0.9746,0,0.0254,0,87,150142
2017-11-14,8708,8708,0,65,6,197,24,5,0,0,3,0.625,0,0.375,0.9474,0,0.0526,0,87,150185
2017-11-15,8708,8708,0,24,2,183,22,0,0,0,1,0,0,1,1,0,0,0,87,150186
2017-11-16,8708,8708,0,14,1,169,19,0,0,0,1,0,0,1,0.8182,0,0.1818,0,87,150188
2017-11-17,8710,8710,0,44,5,168,21,3,0,0,11,0.2143,0,0.7857,0.8168,0,0.1832,0,87,150233
2017-11-18,8709,8709,0,26,4,157,17,7,0,0,0,1,0,0,1,0,0,0,87,150247
2017-11-19,8709,8709,0,21,1,152,16,1,0,0,0,1,0,0,1,0,0,0,87,150248
2017-11-20,8709,8709,0,39,3,134,14,5,0,0,0,1,0,0,0.9747,0,0.0253,0,87,150256
2017-11-21,8709,8709,0,41,6,119,14,26,0,0,0,1,0,0,0.9904,0,0.0096,0,87,150285
2017-11-22,8711,8711,0,29,3,123,14,1,0,0,0,1,0,0,0.9359,0,0.0641,0,87,150319
2017-11-23,8712,8712,0,16,1,122,14,0,0,0,1,0,0,1,0.875,0,0.125,0,87,150340
2017-11-24,8711,8711,0,11,0,106,11,0,0,0,0,0,0,0,1,0,0,0,87,150340
2017-11-25,8711,8711,0,14,1,106,11,0,0,0,0,0,0,0,1,0,0,0,87,150342
2017-11-26,8711,8711,0,19,2,111,13,1,0,0,1,0.5,0,0.5,0.975,0,0.025,0,87,150344
2017-11-27,8713,8713,0,107,8,166,19,3,0,0,18,0.1429,0,0.8571,0.8153,0,0.1847,0,87,150410
2017-11-28,8713,8713,0,83,8,196,20,6,0,0,133,0.0432,0,0.9568,0.3578,0,0.6422,0,87,150566
2017-11-29,8714,8714,0,50,2,205,18,3,0,0,0,1,0,0,0.975,0,0.025,0,87,150584
2017-11-30,8714,8714,0,52,4,216,19,3,0,0,70,0.0411,0,0.9589,0.3302,0,0.6698,0,89,150674
2017-12-01,8722,8722,0,50,8,232,24,4,0,0,28,0.125,0,0.875,0.6453,0,0.3547,0,89,150777
2017-12-02,8726,8726,0,43,4,240,27,3,0,0,2,0.6,0,0.4,0.8636,0,0.1364,0,89,150823
2017-12-03,8726,8726,0,26,2,241,28,1,0,0,0,1,0,0,0.875,0,0.125,0,89,150827
2017-12-04,8737,8737,0,92,24,226,40,101,0,0,83,0.5489,0,0.4511,0.811,0,0.189,0,6,152938
2017-12-05,8739,8739,0,104,28,228,46,190,0,0,49,0.795,0,0.205,0.8738,0,0.1262,0,6,153221
2017-12-06,8740,8740,0,70,19,236,47,156,0,0,60,0.7222,0,0.2778,0.8331,0,0.1669,0,6,113375
2017-12-07,8740,8740,0,63,14,235,47,252,0,0,126,0.6667,0,0.3333,0.7895,0,0.2105,0,6,113774
2017-12-08,8742,8742,0,55,11,234,44,134,0,0,29,0.8221,0,0.1779,0.8925,0,0.1075,0,8,113956
2017-12-09,8750,8750,0,40,8,236,44,22,0,0,4,0.8462,0,0.1538,0.8462,0,0.1538,0,8,114036
2017-12-10,8752,8752,0,32,8,237,46,8,0,0,1,0.8889,0,0.1111,0.931,0,0.069,0,8,114067
2017-12-11,8758,8758,0,52,11,218,41,57,0,0,32,0.6404,0,0.3596,0.7609,0,0.2391,0,8,114192
2017-12-12,8761,8761,0,43,12,175,35,116,0,0,57,0.6705,0,0.3295,0.7636,0,0.2364,0,8,114396
2017-12-13,8764,8764,0,39,12,160,34,99,0,0,87,0.5323,0,0.4677,0.638,0,0.362,0,8,114608
2017-12-14,8766,8766,0,40,12,144,29,102,0,0,85,0.5455,0,0.4545,0.666,0,0.334,0,8,114813
2017-12-15,8774,8774,0,42,20,144,38,145,0,0,34,0.8101,0,0.1899,0.833,0,0.167,0,8,115040
2017-12-16,8779,8779,0,24,9,137,43,21,0,0,12,0.6364,0,0.3636,0.7905,0,0.2095,0,8,115102
2017-12-17,8780,8780,0,27,9,135,40,80,0,0,5,0.9412,0,0.0588,0.933,0,0.067,0,8,115196
2017-12-18,8784,8784,0,34,7,120,39,11,0,0,4,0.7333,0,0.2667,0.835,0,0.165,0,8,115240
2017-12-19,8792,8792,0,42,11,114,40,15,0,0,18,0.4545,0,0.5455,0.7204,0,0.2796,0,8,115320
2017-12-20,8801,8801,0,43,10,113,41,29,0,0,48,0.3766,0,0.6234,0.6458,0,0.3542,0,8,115449
2017-12-21,8819,8819,0,52,18,121,48,47,0,0,32,0.5949,0,0.4051,0.7727,0,0.2273,0,8,115636
2017-12-22,8831,8831,0,57,22,126,47,92,0,0,72,0.561,0,0.439,0.6682,0,0.3318,0,8,115902
2017-12-23,8832,8832,0,33,14,131,47,36,0,0,20,0.6429,0,0.3571,0.8054,0,0.1946,0,8,115967
2017-12-24,8833,8833,0,31,5,136,47,10,0,0,5,0.6667,0,0.3333,0.8427,0,0.1573,0,8,115990
2017-12-25,8840,8840,0,31,8,137,47,7,0,0,2,0.7778,0,0.2222,0.8972,0,0.1028,0,9,116042
2017-12-26,8849,8849,0,45,13,143,51,14,0,0,16,0.4667,0,0.5333,0.75,0,0.25,0,9,116132
2017-12-27,8854,8854,0,52,9,139,48,15,0,0,31,0.3261,0,0.6739,0.7071,0,0.2929,0,9,116204
2017-12-28,8866,8866,0,53,16,143,51,70,0,0,213,0.2473,0,0.7527,0.3756,0,0.6244,0,9,116548
2017-12-29,8880,8880,0,52,20,144,52,31,0,0,240,0.1144,0,0.8856,0.338,0,0.662,0,9,116894
2017-12-30,8899,8899,0,54,18,156,57,63,0,0,68,0.4809,0,0.5191,0.8318,0,0.1682,0,9,117141
2017-12-31,8904,8904,0,48,16,161,64,325,0,0,116,0.737,0,0.263,0.842,0,0.158,0,11,117614
2018-01-01,8912,8912,0,48,8,166,63,24,0,0,4,0.8571,0,0.1429,0.9459,0,0.0541,0,11,117681
2018-01-02,8919,8919,0,68,19,171,61,59,0,0,21,0.7375,0,0.2625,0.8519,0,0.1481,0,11,117808
2018-01-03,8934,8934,0,70,20,173,65,71,0,0,100,0.4152,0,0.5848,0.69,0,0.31,0,11,118091
2018-01-04,8941,8941,0,78,21,182,67,99,0,0,582,0.1454,0,0.8546,0.2853,0,0.7147,0,11,118852
2018-01-05,8947,8947,0,68,20,184,67,20,0,0,411,0.0464,0,0.9536,0.2568,0,0.7432,0,11,119351
2018-01-06,8949,8949,0,43,12,177,62,157,0,0,94,0.6255,0,0.3745,0.5718,0,0.4282,0,12,119618
2018-01-07,8952,8952,0,44,11,171,59,5,0,0,10,0.3333,0,0.6667,0.8321,0,0.1679,0,12,119669
2018-01-08,8960,8960,0,74,22,177,65,148,0,0,18,0.8916,0,0.1084,0.9493,0,0.0507,0,12,119891
2018-01-09,8963,8963,0,72,31,176,72,302,0,0,221,0.5774,0,0.4226,0.7783,0,0.2217,0,12,120452
2018-01-10,8984,8984,0,75,29,187,68,193,0,0,146,0.5693,0,0.4307,0.7529,0,0.2471,0,14,120903
2018-01-11,8994,8994,0,72,25,195,68,169,0,0,211,0.4447,0,0.5553,0.6395,0,0.3605,0,14,103234
2018-01-12,9004,9004,0,57,22,191,63,131,0,0,101,0.5647,0,0.4353,0.691,0,0.309,0,14,103478
2018-01-13,9005,9005,0,47,10,196,60,31,0,0,7,0.8158,0,0.1842,0.9181,0,0.0819,0,14,103524
2018-01-14,9008,9008,0,40,13,193,61,36,0,0,16,0.6923,0,0.3077,0.838,0,0.162,0,14,103597
2018-01-15,9021,9021,0,65,21,189,60,102,0,0,42,0.7083,0,0.2917,0.846,0,0.154,0,14,103780
2018-01-16,9038,9038,0,72,27,193,62,130,0,0,46,0.7386,0,0.2614,0.8417,0,0.1583,0,14,103985
2018-01-17,9049,9049,0,75,26,194,63,103,0,0,145,0.4153,0,0.5847,0.6244,0,0.3756,0,14,104254
2018-01-18,9058,9058,0,63,26,188,64,69,0,0,67,0.5074,0,0.4926,0.6925,0,0.3075,0,14,104425
2018-01-19,9075,9075,0,66,24,201,68,91,0,0,88,0.5084,0,0.4916,0.6951,0,0.3049,0,15,104632
2018-01-20,9324,9324,0,342,85,460,141,142,0,0,75,0.6544,0,0.3456,0.8264,0,0.1736,0,15,105183
2018-01-21,9693,9693,0,436,143,789,264,147,0,0,154,0.4884,0,0.5116,0.8024,0,0.1976,0,16,106094
2018-01-22,10253,10253,0,789,284,1314,505,359,0,0,343,0.5114,0,0.4886,0.85,0,0.15,0,17,107898
2018-01-23,10581,10581,0,1370,472,1806,825,2458,1,0,762,0.7631,0.0003,0.2366,0.9619,0,0.0381,0,26,112165
2018-01-24,10729,10729,0,1038,322,1985,936,3260,0,0,1189,0.7327,0,0.2673,0.9302,0,0.0698,0,28,117111
2018-01-25,10833,10833,0,814,243,2092,978,2449,0,0,989,0.7123,0,0.2877,0.9165,0,0.0835,0,27,120927
2018-01-26,10896,10896,0,659,149,2153,995,1123,0,0,1066,0.513,0,0.487,0.8435,0,0.1565,0,27,123340
2018-01-27,10934,10934,0,365,92,2119,982,712,0,0,661,0.5186,0,0.4814,0.7593,0,0.2407,0,27,124870
2018-01-28,10963,10963,0,326,61,2063,913,464,0,0,143,0.7644,0,0.2356,0.8896,0,0.1104,0,27,125584
2018-01-29,11023,11023,0,405,87,1989,781,620,0,0,352,0.6379,0,0.3621,0.8285,0,0.1715,0,27,126678
2018-01-30,11092,11092,0,614,144,1653,564,1431,0,0,685,0.6763,0,0.3237,0.9086,0,0.0914,0,27,129087
2018-01-31,11150,11150,0,538,128,1438,465,756,0,0,986,0.434,0,0.566,0.7737,0.0001,0.2261,0,27,131036
2018-02-01,11226,11226,0,477,116,1317,393,634,0,0,701,0.4749,0,0.5251,0.7972,0,0.2028,0,27,132534
2018-02-02,11272,11272,0,457,108,1234,370,997,0,0,1135,0.4676,0,0.5324,0.7557,0,0.2443,0,27,134788
2018-02-03,11360,11360,0,289,63,1247,367,146,0,0,141,0.5087,0,0.4913,0.8298,0,0.1702,0,29,135214
2018-02-04,11392,11392,0,221,44,1244,364,40,0,0,117,0.2548,0,0.7452,0.7674,0,0.2326,0,29,135454
2018-02-05,11490,11490,0,441,79,1311,376,101,0,0,159,0.3885,0,0.6115,0.8435,0,0.1565,0,29,135888
2018-02-06,11618,11618,0,691,157,1358,403,1047,0,0,509,0.6729,0,0.3271,0.903,0,0.097,0,30,137757
2018-02-07,11706,11706,0,624,124,1376,404,872,0,0,330,0.7255,0,0.2745,0.9015,0.0003,0.0982,0,30,139209
2018-02-08,11768,11768,0,459,95,1365,388,563,0,0,195,0.7427,0,0.2573,0.907,0,0.093,0,30,140113
2018-02-09,11815,11815,0,521,87,1349,364,819,0,0,157,0.8391,0,0.1609,0.9236,0,0.0764,0,31,141232
2018-02-10,11848,11848,0,281,45,1334,344,290,0,0,121,0.7056,0,0.2944,0.8627,0,0.1373,0,35,141713
2018-02-11,11863,11863,0,212,30,1325,338,113,0,0,46,0.7107,0,0.2893,0.8768,0,0.1232,0,35,141933
2018-02-12,11905,11905,0,269,45,1283,324,189,0,0,129,0.5943,0,0.4057,0.8295,0,0.1705,0,35,142381
2018-02-13,11965,11965,0,484,79,1201,278,507,0,0,198,0.7191,0,0.2809,0.89,0,0.11,0,35,143260
2018-02-14,12011,12011,0,445,69,1115,249,389,0,0,129,0.751,0,0.249,0.9062,0.0005,0.0933,0,35,143883
2018-02-15,12039,12039,0,409,66,1079,231,404,0,0,300,0.5739,0,0.4261,0.825,0,0.175,0,35,144660
2018-02-16,12060,12060,0,403,71,1006,217,448,0,0,346,0.5642,0,0.4358,0.8009,0,0.1991,0,35,145498
2018-02-17,12084,12084,0,180,43,964,217,139,0,0,115,0.5472,0,0.4528,0.8038,0,0.1962,0,35,145812
2018-02-18,12098,12098,0,158,33,940,213,213,0,0,49,0.813,0,0.187,0.9016,0,0.0984,0,35,146163
2018-02-19,12125,12125,0,215,43,939,208,302,0,0,118,0.719,0,0.281,0.8279,0,0.1721,0,35,146694
2018-02-20,12178,12178,0,446,61,932,202,369,0,0,232,0.614,0,0.386,0.8372,0,0.1628,0,36,147445
2018-02-21,12224,12224,0,411,59,926,200,395,0,0,93,0.8094,0,0.1906,0.9223,0.0007,0.077,0,37,148030
2018-02-22,12268,12268,0,400,60,925,195,506,0,0,104,0.8295,0,0.1705,0.9146,0,0.0854,0,38,148738
2018-02-23,12321,12321,0,393,66,932,198,548,0,0,161,0.7729,0,0.2271,0.8726,0,0.1274,0,38,149557
2018-02-24,12352,12352,0,232,46,943,199,377,0,0,430,0.4672,0,0.5328,0.6747,0,0.3253,0,38,150452
2018-02-25,12368,12368,0,171,37,952,201,160,0,0,685,0.1893,0,0.8107,0.4147,0,0.5853,0,38,151352
2018-02-26,12410,12410,0,259,40,982,200,159,0,0,508,0.2384,0,0.7616,0.5771,0,0.4229,0,20,152271
2018-02-27,12484,12484,0,284,56,971,205,311,0,0,242,0.5624,0,0.4376,0.7684,0,0.2316,0,20,152999
2018-02-28,12527,12527,0,421,86,993,224,329,83,0,940,0.2433,0.0614,0.6953,0.5483,0.0583,0.3933,0,20,153456
2018-03-01,12610,12610,0,371,79,1032,231,177,166,0,740,0.1634,0.1533,0.6833,0.5418,0.069,0.3893,0,20,154700
2018-03-02,12665,12665,0,279,67,1008,224,135,79,0,370,0.2312,0.1353,0.6336,0.6438,0.0318,0.3244,0,20,155429
2018-03-03,12688,12688,0,201,41,1008,223,73,0,0,232,0.2393,0,0.7607,0.634,0.0024,0.3636,0,20,155794
2018-03-04,12713,12713,0,179,35,1001,225,59,0,0,104,0.362,0,0.638,0.7688,0.0021,0.2292,0,20,156025
2018-03-05,12745,12745,0,297,59,1009,236,140,0,0,303,0.316,0,0.684,0.7473,0.0008,0.2519,0,20,156565
2018-03-06,12801,12801,0,561,103,1049,265,626,0,0,157,0.7995,0,0.2005,0.9223,0,0.0777,0,20,157516
2018-03-07,12848,12848,0,612,91,1123,274,477,0,0,294,0.6187,0,0.3813,0.8972,0.0002,0.1027,0,25,158429
2018-03-08,12887,12887,0,564,62,1143,262,433,0,0,367,0.5413,0,0.4588,0.8456,0.0002,0.1542,0,25,159356
2018-03-09,12918,12918,0,480,68,1147,255,179,0,0,156,0.5343,0,0.4657,0.892,0.001,0.107,0,25,159816
2018-03-10,12957,12957,0,268,48,1167,269,101,3,0,68,0.5872,0.0174,0.3953,0.8622,0.0026,0.1351,0,25,160114
2018-03-11,12995,12995,0,238,43,1194,267,76,0,0,178,0.2992,0,0.7008,0.7251,0.0007,0.2741,0,25,160452
2018-03-12,13108,13108,0,485,83,1303,290,178,0,0,615,0.2245,0,0.7755,0.8051,0.0003,0.1946,0,25,161561
2018-03-13,13189,13189,0,728,172,1355,346,640,711,0,945,0.2787,0.3097,0.4116,0.7322,0.1578,0.11,0,25,164080
2018-03-14,13231,13231,0,632,126,1312,351,461,198,0,610,0.3633,0.156,0.4807,0.7573,0.1149,0.1278,0,25,165522
2018-03-15,13271,13271,0,574,124,1286,361,409,140,0,455,0.4074,0.1394,0.4532,0.7905,0.0926,0.1169,0,25,166631
2018-03-16,13301,13301,0,391,89,1269,352,366,56,0,335,0.4835,0.074,0.4425,0.8261,0.0498,0.1241,0,25,167465
2018-03-17,13326,13326,0,239,42,1265,345,179,26,0,401,0.2954,0.0429,0.6617,0.6093,0.0423,0.3485,0,25,168156
2018-03-18,13351,13351,0,231,46,1276,342,174,40,0,25,0.728,0.1674,0.1046,0.8829,0.0622,0.055,0,25,168477
2018-03-19,13388,13388,0,386,81,1268,339,205,44,0,172,0.4869,0.1045,0.4086,0.8191,0.051,0.13,0,25,169041
2018-03-20,13420,13420,0,445,69,1148,288,244,51,0,722,0.2399,0.0501,0.7099,0.6089,0.045,0.3461,0,25,170134
2018-03-21,13477,13477,0,499,62,1129,268,172,7,0,303,0.3568,0.0145,0.6286,0.7966,0.0104,0.1929,0,25,170753
2018-03-22,13529,13529,0,495,79,1085,251,308,9,0,147,0.6638,0.0194,0.3168,0.8846,0.0155,0.0998,0,25,171385
2018-03-23,13563,13563,0,458,63,1070,240,469,22,0,437,0.5054,0.0237,0.4709,0.7731,0.0203,0.2066,0,25,172427
2018-03-24,13588,13588,0,223,44,1078,243,91,6,0,74,0.5322,0.0351,0.4327,0.8452,0.0261,0.1287,0,25,172679
2018-03-25,13617,13617,0,233,37,1079,241,92,2,0,41,0.6815,0.0148,0.3037,0.8834,0.0096,0.107,0,25,172908
2018-03-26,13658,13658,0,266,63,1068,229,132,1,0,194,0.4037,0.0031,0.5933,0.7968,0.0129,0.1903,0,25,173379
2018-03-27,13703,13703,0,461,85,1105,236,433,6,0,710,0.3768,0.0052,0.6179,0.6772,0.0092,0.3136,0,25,174705
2018-03-28,13752,13752,0,359,83,1085,248,411,6,0,557,0.422,0.0062,0.5719,0.6844,0.011,0.3047,0,25,175830
2018-03-29,13785,13785,0,287,79,1032,241,293,1,0,1098,0.2105,0.0007,0.7888,0.5375,0.0035,0.4591,0,25,177410
2018-03-30,13826,13826,0,246,57,990,240,56,0,0,368,0.1321,0,0.8679,0.6507,0.0024,0.3469,0,25,178061
2018-03-31,13853,13853,0,166,35,980,242,66,0,0,37,0.6408,0,0.3592,0.8917,0.0012,0.1071,0,25,178235
2018-04-01,13884,13884,0,159,33,967,247,70,0,0,228,0.2349,0,0.7651,0.6683,0.0033,0.3283,0,25,178632
2018-04-02,13977,13977,0,516,93,1093,285,201,2,0,185,0.518,0.0052,0.4768,0.868,0.0034,0.1286,0,25,179311
2018-04-03,14040,14040,0,575,101,1120,299,524,2,0,123,0.8074,0.0031,0.1895,0.9288,0.0052,0.066,0,25,180191
2018-04-04,14090,14090,0,524,77,1151,297,667,0,0,212,0.7588,0,0.2412,0.8925,0.0004,0.1071,0,25,181204
2018-04-05,14124,14124,0,470,76,1176,293,421,0,0,231,0.6457,0,0.3543,0.8432,0.0003,0.1565,0,25,181999
2018-04-06,14163,14163,0,444,67,1189,293,209,0,0,146,0.5887,0,0.4113,0.8811,0.0015,0.1174,0,25,182474
2018-04-07,14193,14193,0,240,45,1218,299,151,0,0,77,0.6623,0,0.3377,0.8759,0,0.1241,0,25,182787
2018-04-08,14216,14216,0,207,33,1222,295,173,0,0,176,0.4957,0,0.5043,0.7441,0,0.2559,0,25,183189
2018-04-09,14254,14254,0,338,57,1151,264,245,0,0,187,0.5671,0,0.4329,0.8381,0.0004,0.1615,0,25,183726
2018-04-10,14296,14296,0,474,83,1080,246,294,0,0,220,0.572,0,0.428,0.8848,0.0003,0.1149,0,25,184378
2018-04-11,14334,14334,0,484,71,1066,242,627,0,0,227,0.7342,0,0.2658,0.8869,0.0005,0.1126,0,25,185370
2018-04-12,14373,14373,0,473,71,1052,237,442,0,0,278,0.6139,0,0.3861,0.8612,0,0.1388,0,25,186276
2018-04-13,14413,14413,0,417,76,1029,236,293,0,0,667,0.3052,0,0.6948,0.678,0.0003,0.3218,0,25,187351
2018-04-14,14442,14442,0,213,58,1022,235,298,0,0,219,0.5764,0,0.4236,0.8041,0.0005,0.1954,0,25,187979
2018-04-15,14466,14466,0,185,34,1025,235,69,0,0,91,0.4313,0,0.5688,0.8286,0,0.1714,0,25,188198
2018-04-16,14501,14501,0,296,50,1035,236,198,0,0,77,0.72,0,0.28,0.9061,0.0005,0.0934,0,25,188576
2018-04-17,14505,14505,0,451,78,1046,230,436,0,0,522,0.4551,0,0.5449,0.7654,0,0.2346,0,25,189666
2018-04-18,14540,14540,0,422,70,1019,236,513,0,0,319,0.6166,0,0.3834,0.8052,0.0006,0.1942,0,25,190624
2018-04-19,14582,14582,0,431,69,995,240,359,0,0,321,0.5279,0,0.4721,0.8082,0.0006,0.1912,0,25,191422
2018-04-20,14619,14619,0,405,66,995,241,250,0,0,293,0.4604,0,0.5396,0.8006,0.0004,0.199,0,25,192099
2018-04-21,14626,14626,0,167,31,970,228,142,0,0,67,0.6794,0,0.3206,0.8479,0.001,0.1511,0,25,192387
2018-04-22,14651,14651,0,164,31,970,226,166,0,0,46,0.783,0,0.217,0.8813,0,0.1187,0,25,192670
2018-04-23,14692,14692,0,270,55,976,228,76,0,0,138,0.3551,0,0.6449,0.7945,0.0026,0.203,0,25,192991
2018-04-24,14736,14736,0,284,65,953,227,187,0,0,187,0.5,0,0.5,0.8068,0.0005,0.1927,0,25,193522
2018-04-25,14772,14772,0,251,50,951,221,181,0,0,222,0.4491,0,0.5509,0.7553,0,0.2447,0,25,194037
2018-04-26,14805,14805,0,203,48,897,216,293,0,0,238,0.5518,0,0.4482,0.7294,0,0.2706,0,25,194679
2018-04-27,14847,14847,0,209,50,780,204,148,0,0,389,0.2756,0,0.7244,0.6969,0.0005,0.3026,0,26,195351
2018-04-28,14885,14885,0,152,30,794,215,53,0,0,166,0.242,0,0.758,0.6993,0,0.3007,0,26,195693
2018-04-29,14910,14910,0,138,21,795,211,48,0,0,9,0.8421,0,0.1579,0.9105,0,0.0895,0,26,195810
2018-04-30,14952,14952,0,215,46,790,208,121,0,0,150,0.4465,0,0.5535,0.7869,0.0006,0.2124,0,26,196210
2018-05-01,15002,15002,0,210,60,750,204,192,2,0,249,0.4334,0.0045,0.5621,0.7239,0.0065,0.2696,0,26,196790
2018-05-02,15049,15049,0,243,64,725,212,623,19,0,587,0.5069,0.0155,0.4776,0.6638,0.0248,0.3114,0,26,198156
2018-05-03,15075,15075,0,494,70,912,223,368,19,0,551,0.3923,0.0203,0.5874,0.7012,0.0175,0.2814,0,26,199218
2018-05-04,15098,15098,0,288,60,948,219,223,8,0,522,0.2961,0.0106,0.6932,0.6139,0.01,0.3761,0,27,200057
2018-05-05,15119,15119,0,196,38,959,218,182,1,0,307,0.3714,0.002,0.6265,0.6124,0.0034,0.3842,0,27,200620
2018-05-06,15141,15141,0,193,44,976,235,79,2,0,215,0.2669,0.0068,0.7264,0.67,0.0059,0.3241,0,27,201011
2018-05-07,15210,15210,0,465,158,1068,303,404,12,0,275,0.5847,0.0174,0.398,0.9137,0.0095,0.0769,0,50,201969
2018-05-08,15266,15266,0,557,291,1139,410,1377,2133,0,1235,0.2902,0.4495,0.2603,0.6543,0.2822,0.0635,0,27,206935
2018-05-09,15304,15304,0,459,221,1159,419,210,1998,0,1117,0.0632,0.6009,0.3359,0.1355,0.7495,0.115,0,27,210364
2018-05-10,15354,15354,0,410,189,1044,425,105,2108,0,1693,0.0269,0.5397,0.4334,0.1067,0.7224,0.1709,0,27,214470
2018-05-11,15397,15397,0,368,161,1019,428,178,1281,0,1092,0.0698,0.5022,0.4281,0.1485,0.6543,0.1971,0,27,217201
2018-05-12,15427,15427,0,200,40,1031,424,24,46,0,147,0.1106,0.212,0.6774,0.4025,0.3087,0.2887,0,27,217495
2018-05-13,15453,15453,0,182,39,1037,428,34,53,0,168,0.1333,0.2078,0.6588,0.4483,0.2332,0.3185,0,27,217837
2018-05-14,15486,15486,0,272,74,1030,415,66,70,0,301,0.151,0.1602,0.6888,0.4436,0.2876,0.2688,0,27,218359
2018-05-15,15506,15506,0,324,138,924,349,204,1416,0,548,0.0941,0.6531,0.2528,0.1548,0.7377,0.1076,0,27,220633
2018-05-16,15524,15524,0,293,108,848,309,87,1364,0,1005,0.0354,0.5554,0.4092,0.138,0.6324,0.2297,0,27,223199
2018-05-17,15548,15548,0,306,121,804,283,199,1034,0,961,0.0907,0.4713,0.438,0.1671,0.5975,0.2353,0,27,225606
2018-05-18,15575,15575,0,292,115,755,259,117,577,0,616,0.0893,0.4405,0.4702,0.1851,0.6391,0.1758,0,27,227019
2018-05-19,15600,15600,0,175,46,751,263,29,32,0,244,0.0951,0.1049,0.8,0.4211,0.1686,0.4102,0,27,227400
2018-05-20,15643,15643,0,196,49,768,276,54,36,0,211,0.1794,0.1196,0.701,0.5367,0.1114,0.3519,0,27,227839
2018-05-21,15713,15713,0,667,140,1066,344,332,89,0,731,0.2882,0.0773,0.6345,0.7418,0.0493,0.2089,0,15,273260
2018-05-22,15760,15760,0,582,239,1172,416,257,1166,0,1376,0.0918,0.4166,0.4916,0.2436,0.6375,0.1189,0,14,277037
2018-05-23,15798,15798,0,406,142,1207,420,194,673,0,499,0.142,0.4927,0.3653,0.2238,0.6522,0.1241,0,14,269309
2018-05-24,15826,15826,0,375,95,1221,409,92,554,0,493,0.0808,0.4864,0.4328,0.2414,0.5839,0.1747,0,15,270544
2018-05-25,15867,15867,0,320,95,1229,381,44,390,0,460,0.0492,0.4362,0.5145,0.1997,0.5689,0.2315,0,15,271591
2018-05-26,15892,15892,0,192,43,1244,378,55,18,0,350,0.13,0.0426,0.8274,0.4098,0.0864,0.5038,0,15,272141
2018-05-27,15913,15913,0,165,35,1239,371,26,21,0,41,0.2955,0.2386,0.4659,0.6573,0.1589,0.1838,0,15,272278
2018-05-28,15962,15962,0,239,63,1060,363,96,39,0,155,0.331,0.1345,0.5345,0.5278,0.2347,0.2375,0,15,272718
2018-05-29,16001,16001,0,277,78,926,286,217,156,0,205,0.3754,0.2699,0.3547,0.4677,0.3703,0.162,0,16,273450
2018-05-30,16042,16042,0,278,82,879,246,118,222,0,516,0.1379,0.2593,0.6028,0.3139,0.4158,0.2703,0,16,274427
2018-05-31,16148,16148,0,336,88,885,251,65,283,0,805,0.0564,0.2454,0.6982,0.2549,0.3695,0.3757,0,16,275796
2018-06-01,16233,16233,0,350,104,907,272,140,233,0,758,0.1238,0.206,0.6702,0.3441,0.3408,0.3151,0,16,277136
2018-06-02,16283,16283,0,246,64,946,290,104,45,0,323,0.2203,0.0953,0.6843,0.4997,0.1343,0.366,0,16,277742
2018-06-03,16333,16333,0,244,47,974,298,122,21,0,157,0.4067,0.07,0.5233,0.6391,0.1131,0.2478,0,16,278186
2018-06-04,16414,16414,0,552,73,1174,316,70,8,0,442,0.1346,0.0154,0.85,0.578,0.0617,0.3603,0,16,278938
2018-06-05,16492,16492,0,380,66,1249,333,48,45,0,558,0.0737,0.0691,0.8571,0.4704,0.0575,0.4721,0,16,279774
2018-06-06,16567,16567,0,292,63,1311,340,69,22,0,205,0.2331,0.0743,0.6926,0.6085,0.0637,0.3279,0,16,277315
2018-06-07,16675,16675,0,292,67,1335,346,131,16,0,222,0.355,0.0434,0.6016,0.6592,0.0675,0.2733,0,11,277910
2018-06-08,16746,16746,0,782,122,1536,366,163,21,0,368,0.2953,0.038,0.6667,0.7869,0.0445,0.1686,0,12,278673
2018-06-09,16792,16792,0,377,75,1574,365,108,9,0,133,0.432,0.036,0.532,0.7963,0.0465,0.1572,0,12,277692
2018-06-10,16846,16846,0,308,65,1612,363,142,1,0,132,0.5164,0.0036,0.48,0.8079,0.0093,0.1828,0,12,276055
2018-06-11,17007,17007,0,1174,266,1894,493,564,86,0,657,0.4315,0.0658,0.5027,0.8756,0.0354,0.089,0,13,277977
2018-06-12,17106,17106,0,1031,488,1988,718,675,2593,0,2076,0.1263,0.4852,0.3885,0.3393,0.5998,0.0609,0,11,284384
2018-06-13,17174,17174,0,748,280,2045,743,156,1431,0,1388,0.0524,0.481,0.4666,0.2253,0.6515,0.1232,0,11,287666
2018-06-14,17200,17200,0,619,219,2055,746,175,1259,0,1181,0.0669,0.4815,0.4516,0.2121,0.6682,0.1197,0,11,290513
2018-06-15,17238,17238,0,555,173,1914,721,185,889,0,853,0.096,0.4613,0.4427,0.249,0.6319,0.1191,0,11,292583
2018-06-16,17269,17269,0,325,71,1903,709,86,39,0,214,0.2537,0.115,0.6313,0.5723,0.2231,0.2045,0,11,293010
2018-06-17,17312,17312,0,284,52,1911,708,54,5,0,153,0.2547,0.0236,0.7217,0.647,0.0887,0.2643,0,10,293335
2018-06-18,17362,17362,0,441,89,1652,652,86,75,0,308,0.1834,0.1599,0.6567,0.5375,0.2743,0.1881,0,10,293959
2018-06-19,17413,17413,0,509,171,1379,469,234,616,0,1027,0.1247,0.3282,0.5471,0.316,0.5059,0.1781,0,10,68655
2018-06-20,17462,17462,0,457,133,1253,402,65,654,0,869,0.0409,0.4118,0.5472,0.2299,0.5942,0.1758,0,10,285845
2018-06-21,17510,17510,0,428,128,1189,373,35,703,0,895,0.0214,0.4305,0.5481,0.1762,0.6311,0.1927,0,10,287688
2018-06-22,17554,17554,0,381,136,1132,365,90,501,0,1053,0.0547,0.3047,0.6405,0.2429,0.5313,0.2257,0,10,289527
2018-06-23,17589,17589,0,586,61,1328,371,67,15,0,119,0.3333,0.0746,0.592,0.8117,0.0793,0.109,0,12,288663
2018-06-24,17635,17635,0,313,45,1392,377,56,11,0,96,0.3436,0.0675,0.589,0.7573,0.0556,0.1872,0,12,288975
2018-06-25,17701,17701,0,490,111,1439,400,196,54,0,320,0.3439,0.0947,0.5614,0.7801,0.0866,0.1333,0,12,289807
2018-06-26,17754,17754,0,549,181,1455,426,581,141,0,767,0.3902,0.0947,0.5151,0.8501,0.0631,0.0868,0,12,291494
2018-06-27,17783,17783,0,434,129,1451,413,384,104,0,330,0.4694,0.1271,0.4034,0.8209,0.0957,0.0834,0,12,287684
2018-06-28,17824,17824,0,454,138,1457,413,299,78,0,568,0.3164,0.0825,0.6011,0.7874,0.0744,0.1382,0,12,288838
2018-06-29,17857,17857,0,348,95,1430,372,304,95,0,334,0.4147,0.1296,0.4557,0.7646,0.1137,0.1218,0,12,289692
2018-06-30,17882,17882,0,222,43,1212,355,29,15,0,49,0.3118,0.1613,0.5269,0.8071,0.0423,0.1506,0,12,289875
2018-07-01,17912,17912,0,205,47,1151,352,56,0,0,105,0.3478,0,0.6522,0.7232,0.0236,0.2532,0,12,290143
2018-07-02,17983,17983,0,310,79,1134,352,290,9,0,282,0.4991,0.0155,0.4854,0.7803,0.0255,0.1941,0,12,290932
2018-07-03,18031,18031,0,347,121,1049,327,245,50,0,720,0.2414,0.0493,0.7094,0.7115,0.0646,0.2239,0,12,292130
2018-07-04,18082,18082,0,306,97,1004,323,195,28,0,595,0.2384,0.0342,0.7274,0.6846,0.048,0.2674,0,12,289772
2018-07-05,18136,18136,0,275,81,946,302,232,18,0,282,0.4361,0.0338,0.5301,0.7268,0.0385,0.2347,0,12,290506
2018-07-06,18188,18188,0,330,93,925,307,137,44,0,235,0.3293,0.1058,0.5649,0.7668,0.0795,0.1538,0,12,291087
2018-07-07,18248,18248,0,277,75,928,319,74,61,0,284,0.1766,0.1456,0.6778,0.675,0.1082,0.2169,0,12,291689
2018-07-08,18314,18314,0,265,58,963,331,95,1,0,57,0.6209,0.0065,0.3725,0.8013,0.0083,0.1904,0,12,292045
2018-07-09,18392,18392,0,324,71,980,334,142,22,0,218,0.3717,0.0576,0.5707,0.7596,0.0303,0.21,0,12,292631
2018-07-10,18457,18457,0,313,79,988,327,103,21,0,285,0.2518,0.0513,0.6968,0.6931,0.0575,0.2494,0,12,293219
2018-07-11,18508,18508,0,311,65,1001,320,80,1,0,189,0.2963,0.0037,0.7,0.7305,0.0239,0.2456,0,12,293667
2018-07-12,18547,18547,0,285,71,1014,323,146,0,0,281,0.3419,0,0.6581,0.758,0.0159,0.2261,0,12,294246
2018-07-13,18599,18599,0,255,56,993,310,41,3,0,165,0.1962,0.0144,0.7895,0.7093,0.0373,0.2533,0,12,294601
2018-07-14,18656,18656,0,226,56,994,308,87,1,0,144,0.375,0.0043,0.6207,0.7214,0.0108,0.2678,0,12,295001
2018-07-15,18694,18694,0,197,37,959,295,110,0,0,291,0.2743,0,0.7257,0.6565,0.0067,0.3368,0,12,295485
2018-07-16,18763,18763,0,254,63,945,296,70,2,0,289,0.1939,0.0055,0.8006,0.6977,0.0089,0.2934,0,12,296001
2018-07-17,18835,18835,0,288,60,943,288,50,1,0,256,0.1629,0.0033,0.8339,0.6936,0.0233,0.2832,0,12,296511
2018-07-18,18897,18897,0,249,44,918,279,78,0,0,252,0.2364,0,0.7636,0.6633,0.0256,0.3112,0,12,297024
2018-07-19,18952,18952,0,238,45,886,263,110,0,0,104,0.514,0,0.486,0.7585,0.02,0.2215,0,12,297417
2018-07-20,18989,18989,0,201,40,850,244,47,0,0,71,0.3983,0,0.6017,0.7738,0.0267,0.1995,0,12,297654
2018-07-21,19012,19012,0,163,39,819,229,59,6,0,207,0.2169,0.0221,0.761,0.6659,0.019,0.3151,0,12,298037
2018-07-22,19051,19051,0,179,37,831,235,17,0,0,54,0.2394,0,0.7606,0.6979,0.0031,0.2991,0,12,298260
2018-07-23,19121,19121,0,410,96,929,260,259,4,0,461,0.3577,0.0055,0.6367,0.8092,0.0123,0.1785,0,11,299257
2018-07-24,19166,19166,0,572,176,1042,321,692,54,0,571,0.5254,0.041,0.4336,0.8986,0.0216,0.0798,0,11,300822
2018-07-25,19211,19211,0,389,136,1069,340,418,73,0,486,0.4278,0.0747,0.4974,0.8344,0.0498,0.1157,0,11,291821
2018-07-26,19241,19241,0,346,126,1069,357,813,44,0,1015,0.4343,0.0235,0.5422,0.8005,0.0266,0.1729,0,11,293882
2018-07-27,19266,19266,0,300,103,1076,368,360,29,0,441,0.4337,0.0349,0.5313,0.7964,0.034,0.1696,0,11,294878
2018-07-28,19282,19282,0,208,42,1085,363,136,0,0,218,0.3842,0,0.6158,0.7273,0,0.2727,0,11,295291
2018-07-29,19307,19307,0,205,34,1093,358,71,0,0,219,0.2448,0,0.7552,0.6639,0,0.3361,0,11,295658
2018-07-30,19360,19360,0,291,60,1065,351,282,0,0,493,0.3639,0,0.6361,0.7202,0.0004,0.2793,0,11,296639
2018-07-31,19405,19405,0,306,95,902,302,414,28,0,484,0.4471,0.0302,0.5227,0.8045,0.0339,0.1615,0,11,297698
2018-08-01,19427,19427,0,273,76,850,265,325,49,0,725,0.2957,0.0446,0.6597,0.7048,0.0498,0.2454,0,11,298882
2018-08-02,19471,19471,0,275,86,833,254,338,22,0,636,0.3394,0.0221,0.6386,0.7385,0.0304,0.2312,0,11,300055
2018-08-03,19506,19506,0,279,87,818,243,207,31,0,813,0.197,0.0295,0.7735,0.6062,0.0502,0.3436,0,11,301288
2018-08-04,19543,19543,0,207,44,821,250,112,0,0,263,0.2987,0,0.7013,0.6892,0.0009,0.3099,0,11,301795
2018-08-05,19588,19588,0,210,53,829,268,178,0,0,352,0.3358,0,0.6642,0.6573,0.0008,0.3419,0,11,302499
2018-08-06,19790,19790,0,1198,268,1560,445,751,57,0,781,0.4726,0.0359,0.4915,0.8826,0.0177,0.0997,0,15,304792
2018-08-07,19904,19904,0,910,280,1797,545,1329,206,0,1170,0.4913,0.0762,0.4325,0.8853,0.03,0.0846,0,15,307914
2018-08-08,19970,19970,0,611,196,1890,584,785,164,0,1211,0.3634,0.0759,0.5606,0.7924,0.0441,0.1635,0,15,307488
2018-08-09,20014,20014,0,485,174,1933,605,903,387,0,1089,0.3796,0.1627,0.4578,0.7567,0.0872,0.1561,0,15,310024
2018-08-10,20050,20050,0,429,136,1966,602,591,121,0,925,0.361,0.0739,0.5651,0.7232,0.059,0.2179,0,15,311796
2018-08-11,20079,20079,0,291,68,1994,613,137,0,0,246,0.3577,0,0.6423,0.7456,0.0024,0.252,0,15,312286
2018-08-12,20113,20113,0,247,77,2032,627,181,0,0,313,0.3664,0,0.6336,0.6877,0.0016,0.3107,0,15,312926
2018-08-13,20159,20159,0,368,107,1568,548,226,14,0,551,0.2857,0.0177,0.6966,0.6589,0.0162,0.3249,0,15,313917
2018-08-14,20198,20198,0,439,134,1286,464,463,225,0,1062,0.2646,0.1286,0.6069,0.6661,0.0853,0.2486,0,15,315833
2018-08-15,20234,20234,0,387,138,1165,434,498,138,0,875,0.3296,0.0913,0.5791,0.7358,0.0571,0.2071,0,15,317506
2018-08-16,20264,20264,0,349,120,1098,390,414,368,0,1050,0.226,0.2009,0.5731,0.5906,0.135,0.2743,0,15,319450
2018-08-17,20299,20299,0,315,100,1028,372,193,129,0,1010,0.1449,0.0968,0.7583,0.5446,0.0917,0.3637,0,15,320915
2018-08-18,20328,20328,0,223,52,993,367,67,0,0,536,0.1111,0,0.8889,0.6058,0.0008,0.3934,0,15,321623
2018-08-19,20352,20352,0,208,47,968,352,34,0,0,155,0.1799,0,0.8201,0.7271,0,0.2729,0,15,321883
2018-08-20,20393,20393,0,289,64,942,337,72,0,0,624,0.1034,0,0.8966,0.58,0.0013,0.4187,0,15,322711
2018-08-21,20421,20421,0,267,69,902,313,65,0,0,899,0.0674,0,0.9326,0.4914,0.01,0.4986,0,15,323796
2018-08-22,20452,20452,0,240,70,865,291,107,0,0,378,0.2206,0,0.7794,0.6492,0.0149,0.3359,0,15,324385
2018-08-23,20485,20485,0,256,72,844,285,118,0,0,223,0.346,0,0.654,0.7094,0.0136,0.277,0,15,324882
2018-08-24,20524,20524,0,238,79,799,280,68,4,0,280,0.1932,0.0114,0.7955,0.6699,0.0081,0.3219,0,15,325395
2018-08-25,20554,20554,0,189,39,792,280,19,0,0,46,0.2923,0,0.7077,0.7803,0.0035,0.2163,0,15,325566
2018-08-26,20602,20602,0,210,56,810,293,40,0,0,69,0.367,0,0.633,0.7364,0.0013,0.2623,0,15,325839
2018-08-27,20778,20778,0,652,378,1067,550,461,47,0,504,0.4555,0.0464,0.498,0.8939,0.013,0.0931,0,20,327474
2018-08-28,20878,20878,0,726,363,1193,681,1284,187,0,1147,0.4905,0.0714,0.4381,0.8898,0.0289,0.0813,0,20,330494
2018-08-29,20919,20919,0,601,256,1253,709,810,156,0,1134,0.3857,0.0743,0.54,0.8483,0.046,0.1058,0,20,332810
2018-08-30,20956,20956,0,495,230,1279,715,930,145,0,1057,0.4362,0.068,0.4958,0.8309,0.0458,0.1233,0,20,335113
2018-08-31,20988,20988,0,466,173,1305,721,488,84,0,792,0.3578,0.0616,0.5806,0.8074,0.0497,0.1429,0,20,336585
2018-09-01,21022,21022,0,286,70,1327,734,121,0,0,60,0.6685,0,0.3315,0.8491,0.0019,0.1489,0,20,336887
2018-09-02,21053,21053,0,223,46,1345,742,17,0,0,48,0.2615,0,0.7385,0.7955,0,0.2045,0,20,337078
2018-09-03,21097,21097,0,661,88,1540,629,55,0,0,125,0.3056,0,0.6944,0.8471,0.0017,0.1512,0,20,337465
2018-09-04,21135,21135,0,557,101,1523,520,130,11,0,164,0.4262,0.0361,0.5377,0.8439,0.0246,0.1314,0,20,337900
2018-09-05,21164,21164,0,505,161,1522,473,651,65,0,650,0.4766,0.0476,0.4758,0.8496,0.0338,0.1166,0,20,339424
2018-09-06,21190,21190,0,553,174,1545,437,647,97,0,633,0.4699,0.0704,0.4597,0.8313,0.0506,0.118,0,20,340946
2018-09-07,21219,21219,0,483,132,1547,415,519,59,0,1029,0.323,0.0367,0.6403,0.7796,0.037,0.1834,0,20,342650
2018-09-08,21251,21251,0,352,96,1563,415,250,24,0,1331,0.1558,0.015,0.8293,0.5815,0.0207,0.3977,0,20,344429
2018-09-09,21289,21289,0,292,62,1585,426,29,0,0,93,0.2377,0,0.7623,0.7858,0.0044,0.2098,0,20,344692
2018-09-10,21406,21406,0,595,235,1508,531,236,17,0,484,0.3202,0.0231,0.6567,0.806,0.01,0.184,0,20,346461
2018-09-11,21471,21471,0,587,260,1500,593,718,76,0,928,0.417,0.0441,0.5389,0.8525,0.0197,0.1278,0,20,348457
2018-09-12,21515,21515,0,498,176,1498,612,409,64,0,667,0.3588,0.0561,0.5851,0.8059,0.0307,0.1634,0,20,349764
2018-09-13,21562,21562,0,488,170,1445,601,518,66,0,697,0.4044,0.0515,0.5441,0.792,0.0342,0.1738,0,20,351260
2018-09-14,21600,21600,0,441,139,1384,585,284,46,0,537,0.3276,0.0531,0.6194,0.7837,0.0395,0.1769,0,20,352283
2018-09-15,21628,21628,0,291,68,1359,575,123,2,0,86,0.5829,0.0095,0.4076,0.8268,0.0049,0.1683,0,20,352609
2018-09-16,21650,21650,0,214,45,1340,565,47,0,0,112,0.2956,0,0.7044,0.7354,0.0028,0.2617,0,20,352854
2018-09-17,21688,21688,0,388,88,1277,507,43,1,0,412,0.0943,0.0022,0.9035,0.6554,0.0042,0.3404,0,20,353487
2018-09-18,21730,21730,0,378,104,1189,420,196,15,0,615,0.2373,0.0182,0.7446,0.7281,0.0284,0.2434,0,20,354460
2018-09-19,21760,21760,0,336,113,1134,396,320,31,0,654,0.3184,0.0308,0.6507,0.7255,0.0364,0.2381,0,20,355616
2018-09-20,21792,21792,0,337,107,1084,372,231,17,0,286,0.4326,0.0318,0.5356,0.7923,0.0299,0.1778,0,20,356293
2018-09-21,21810,21810,0,296,90,1034,335,156,34,0,446,0.2453,0.0535,0.7013,0.6839,0.0498,0.2663,0,20,357011
2018-09-22,21825,21825,0,219,48,1005,315,10,0,0,271,0.0356,0,0.9644,0.5993,0.0023,0.3984,0,20,357347
2018-09-23,21857,21857,0,187,68,1002,330,57,0,0,533,0.0966,0,0.9034,0.4732,0.0009,0.5259,0,20,358056
2018-09-24,21893,21893,0,243,60,929,317,54,0,0,170,0.2411,0,0.7589,0.685,0.006,0.3091,0,20,358388
2018-09-25,21925,21925,0,235,46,889,296,41,0,0,169,0.1952,0,0.8048,0.6778,0.0173,0.3049,0,20,358722
2018-09-26,21948,21948,0,231,57,869,276,55,0,0,121,0.3125,0,0.6875,0.703,0.0223,0.2748,0,20,359022
2018-09-27,21975,21975,0,220,42,845,254,30,0,0,135,0.1818,0,0.8182,0.6153,0.0305,0.3542,0,20,359270
2018-09-28,22001,22001,0,210,40,815,230,31,0,0,86,0.265,0,0.735,0.6959,0.0182,0.2859,0,20,359513
2018-09-29,22032,22032,0,161,43,795,232,33,0,0,300,0.0991,0,0.9009,0.5015,0,0.4985,0,20,359961
2018-09-30,22068,22068,0,160,36,780,212,25,0,0,27,0.4808,0,0.5192,0.7732,0.0022,0.2246,0,20,360122
2018-10-01,22195,22195,0,410,181,893,318,152,4,0,285,0.3447,0.0091,0.6463,0.8242,0.0029,0.1729,0,22,361032
2018-10-02,22272,22272,0,476,205,961,391,514,16,0,586,0.4606,0.0143,0.5251,0.8902,0.0126,0.0971,0,22,362440
2018-10-03,22317,22317,0,354,126,983,406,315,27,0,233,0.5478,0.047,0.4052,0.8762,0.0279,0.096,0,22,363171
2018-10-04,22351,22351,0,324,115,1004,419,359,169,0,344,0.4117,0.1938,0.3945,0.7841,0.1103,0.1055,0,22,364214
2018-10-05,22382,22382,0,293,92,1013,430,224,48,0,237,0.4401,0.0943,0.4656,0.8369,0.0504,0.1127,0,22,364830
2018-10-06,22414,22414,0,239,61,1046,439,50,0,0,191,0.2075,0,0.7925,0.7128,0.0061,0.2811,0,22,365164
2018-10-07,22445,22445,0,182,47,1069,454,32,1,0,44,0.4156,0.013,0.5714,0.8035,0.0052,0.1913,0,22,365331
2018-10-08,22496,22496,0,275,67,1053,426,44,1,0,126,0.2573,0.0058,0.7368,0.756,0.0027,0.2414,0,22,365669
2018-10-09,22547,22547,0,349,110,1010,382,103,9,0,116,0.4518,0.0395,0.5088,0.8364,0.0376,0.126,0,23,366109
2018-10-10,22605,22605,0,394,153,1008,380,458,237,0,571,0.3618,0.1872,0.451,0.7832,0.0877,0.1291,0,23,367565
2018-10-11,22653,22653,0,347,140,1013,387,529,247,0,580,0.3901,0.1822,0.4277,0.7599,0.1009,0.1392,0,23,369116
2018-10-12,22696,22696,0,334,116,1006,389,493,203,0,614,0.3763,0.155,0.4687,0.772,0.089,0.139,0,23,370586
2018-10-13,22722,22722,0,240,88,971,380,233,277,0,348,0.2716,0.3228,0.4056,0.6749,0.1778,0.1472,0,23,371544
2018-10-14,22756,22756,0,192,50,980,381,143,8,0,107,0.5543,0.031,0.4147,0.7719,0.016,0.2122,0,23,371929
2018-10-15,22813,22813,0,326,123,1002,406,200,9,0,238,0.4474,0.0201,0.5324,0.8316,0.0133,0.1552,0,24,372581
2018-10-16,22861,22861,0,352,166,988,433,507,40,0,719,0.4005,0.0316,0.5679,0.8133,0.0301,0.1566,0,24,374027
2018-10-17,22890,22890,0,320,126,938,408,410,36,0,686,0.3622,0.0318,0.606,0.7814,0.0401,0.1785,0,24,375271
2018-10-18,22922,22922,0,319,124,914,388,451,48,0,790,0.3499,0.0372,0.6129,0.7626,0.0349,0.2025,0,24,376711
2018-10-19,22936,22936,0,254,98,872,369,324,86,0,380,0.4101,0.1089,0.481,0.78,0.0761,0.1439,0,24,377579
2018-10-20,22952,22952,0,714,67,1216,374,51,0,0,162,0.2394,0,0.7606,0.8609,0.0035,0.1356,0,24,377846
2018-10-21,22971,22971,0,238,41,1273,374,77,5,0,157,0.3222,0.0209,0.6569,0.7145,0.014,0.2716,0,24,378161
2018-10-22,22992,22992,0,352,76,1333,357,124,0,0,430,0.2238,0,0.7762,0.6638,0.0044,0.3319,0,24,378802
2018-10-23,23013,23013,0,481,105,1388,315,232,11,0,940,0.1961,0.0093,0.7946,0.6831,0.0232,0.2937,0,24,380092
2018-10-24,23033,23033,0,326,102,1418,294,229,23,0,674,0.2473,0.0248,0.7279,0.689,0.042,0.2691,0,24,381107
2018-10-25,23054,23054,0,297,116,1411,294,286,49,0,382,0.3989,0.0683,0.5328,0.7742,0.0459,0.18,0,24,381938
2018-10-26,23065,23065,0,296,93,1433,291,283,9,0,503,0.356,0.0113,0.6327,0.7214,0.0334,0.2452,0,24,382852
2018-10-27,23081,23081,0,212,45,1111,273,56,0,0,282,0.1657,0,0.8343,0.6633,0.0011,0.3356,0,24,383272
2018-10-28,23098,23098,0,195,45,1064,276,183,0,0,393,0.3177,0,0.6823,0.6138,0.0034,0.3828,0,24,383934
2018-10-29,23120,23120,0,241,69,1006,271,249,1,0,642,0.2791,0.0011,0.7197,0.5878,0.0074,0.4048,0,24,384908
2018-10-30,23149,23149,0,218,53,858,265,61,11,0,215,0.2125,0.0383,0.7491,0.6814,0.0371,0.2816,0,24,385298
2018-10-31,23174,23174,0,205,50,809,256,63,1,0,176,0.2625,0.0042,0.7333,0.6958,0.0328,0.2713,0,24,385628
2018-11-01,23192,23192,0,201,40,767,231,56,0,0,71,0.4409,0,0.5591,0.7679,0.0244,0.2077,0,24,385831
2018-11-02,23212,23212,0,190,36,730,210,53,0,0,137,0.2789,0,0.7211,0.6643,0.0266,0.3091,0,24,386111
2018-11-03,23226,23226,0,138,27,702,201,45,0,0,158,0.2217,0,0.7783,0.6362,0.0018,0.362,0,24,386379
2018-11-04,23253,23253,0,143,31,684,195,36,0,0,50,0.4186,0,0.5814,0.777,0.0045,0.2185,0,24,386547
2018-11-05,23274,23274,0,216,52,665,185,115,0,0,146,0.4406,0,0.5594,0.7838,0.0109,0.2053,0,24,386883
2018-11-06,23300,23300,0,199,50,670,187,68,1,0,116,0.3676,0.0054,0.627,0.7328,0.0264,0.2408,0,24,387171
2018-11-07,23324,23324,0,181,58,646,189,78,0,0,261,0.2301,0,0.7699,0.6109,0.0058,0.3833,0,24,387612
2018-11-08,23343,23343,0,194,53,634,190,92,0,0,179,0.3395,0,0.6605,0.7221,0.0056,0.2723,0,24,387949
2018-11-09,23364,23364,0,183,57,637,203,163,0,0,120,0.576,0,0.424,0.8025,0.0031,0.1944,0,24,388311
2018-11-10,23384,23384,0,154,26,641,206,20,1,0,46,0.2985,0.0149,0.6866,0.7843,0.002,0.2137,0,24,388458
2018-11-11,23398,23398,0,126,31,624,204,57,0,0,136,0.2953,0,0.7047,0.666,0.0085,0.3256,0,24,388721
2018-11-12,23428,23428,0,168,43,609,203,83,0,0,80,0.5092,0,0.4908,0.7477,0,0.2523,0,24,388997
2018-11-13,23449,23449,0,418,56,774,204,214,0,0,395,0.3514,0,0.6486,0.7488,0.0016,0.2496,0,24,389703
2018-11-14,23457,23457,0,302,46,825,193,172,0,0,308,0.3583,0,0.6417,0.7161,0.0033,0.2806,0,17,391100
2018-11-15,23483,23483,0,237,49,847,187,285,1,0,721,0.283,0.001,0.716,0.6122,0.0032,0.3846,0,17,392188
2018-11-16,23504,23504,0,194,45,876,184,114,0,0,466,0.1966,0,0.8034,0.541,0.0023,0.4567,0,17,392850
2018-11-17,23523,23523,0,176,50,902,195,160,0,0,212,0.4301,0,0.5699,0.6978,0.001,0.3012,0,17,393317
2018-11-18,23548,23548,0,146,38,921,198,113,0,0,293,0.2783,0,0.7217,0.5855,0,0.4145,0,17,393803
2018-11-19,23571,23571,0,161,40,928,195,97,0,0,394,0.1976,0,0.8024,0.5581,0.002,0.44,0,17,394382
2018-11-20,23611,23611,0,186,47,803,187,100,0,0,178,0.3597,0,0.6403,0.705,0,0.295,0,17,394810
2018-11-21,23654,23654,0,177,68,727,207,106,0,0,249,0.2986,0,0.7014,0.6867,0,0.3133,0,17,395323
2018-11-22,23689,23689,0,152,30,665,203,34,0,0,130,0.2073,0,0.7927,0.6097,0,0.3903,0,17,395607
2018-11-23,23710,23710,0,135,37,628,203,50,0,0,115,0.303,0,0.697,0.6438,0.0059,0.3503,0,17,395869
2018-11-24,23737,23737,0,152,38,604,192,73,0,0,320,0.1858,0,0.8142,0.4969,0,0.5031,0,17,396364
2018-11-25,23787,23787,0,166,51,611,200,34,0,0,205,0.1423,0,0.8577,0.5577,0,0.4423,0,17,396782
2018-11-26,23845,23845,0,237,72,658,224,132,0,0,679,0.1628,0,0.8372,0.5472,0.0027,0.4501,0,17,397800
2018-11-27,23898,23898,0,372,69,813,243,152,19,0,303,0.3207,0.0401,0.6392,0.7453,0.0151,0.2395,0,17,398454
2018-11-28,23958,23958,0,388,71,909,251,108,0,0,353,0.2343,0,0.7657,0.7043,0,0.2957,0,17,399121
2018-11-29,24021,24021,0,379,90,987,300,118,0,0,243,0.3269,0,0.6731,0.7607,0.0006,0.2387,0,17,399727
2018-11-30,24087,24087,0,361,92,1056,342,102,0,0,230,0.3072,0,0.6928,0.7551,0.0006,0.2443,0,17,400333
2018-12-01,24133,24133,0,201,62,1062,362,138,0,0,242,0.3632,0,0.6368,0.6878,0,0.3122,0,17,400879
2018-12-02,24186,24186,0,192,54,1072,369,17,0,0,244,0.0651,0,0.9349,0.5799,0,0.4201,0,17,401338
2018-12-03,24247,24247,0,288,69,1094,365,50,0,0,94,0.3472,0,0.6528,0.7968,0.0009,0.2023,0,17,401693
2018-12-04,24324,24324,0,448,90,1140,387,89,1,0,233,0.2755,0.0031,0.7214,0.758,0.0016,0.2404,0,17,402329
2018-12-05,24383,24383,0,427,96,1141,395,147,0,0,468,0.239,0,0.761,0.7158,0.0009,0.2833,0,17,403204
2018-12-06,24453,24453,0,315,117,1136,403,160,1,0,274,0.3678,0.0023,0.6299,0.7489,0.0005,0.2505,0,18,403883
2018-12-07,24504,24504,0,369,101,1122,394,211,1,0,431,0.3281,0.0016,0.6703,0.7255,0.0015,0.273,0,18,404704
2018-12-08,24529,24529,0,211,59,1111,390,153,0,0,182,0.4567,0,0.5433,0.7326,0.0019,0.2655,0,18,405145
2018-12-09,24546,24546,0,183,47,1099,376,91,0,0,52,0.6364,0,0.3636,0.8345,0,0.1655,0,18,405348
2018-12-10,24562,24562,0,203,46,1057,349,116,0,0,117,0.4979,0,0.5021,0.8063,0.0035,0.1903,0,18,405643
2018-12-11,24577,24577,0,316,48,981,331,47,0,0,65,0.4196,0,0.5804,0.8648,0.0038,0.1314,0,18,405817
2018-12-12,24586,24586,0,290,38,935,305,30,0,0,77,0.2804,0,0.7196,0.8311,0.0024,0.1665,0,18,405976
2018-12-13,24596,24596,0,278,52,892,262,64,0,0,289,0.1813,0,0.8187,0.7132,0.0019,0.2849,0,18,406409
2018-12-14,24602,24602,0,178,34,831,222,18,0,0,188,0.0874,0,0.9126,0.6657,0.0015,0.3328,0,18,406761
2018-12-15,24609,24609,0,110,18,799,195,5,0,0,28,0.1515,0,0.8485,0.8369,0,0.1631,0,18,406825
2018-12-16,24616,24616,0,89,11,769,176,2,0,0,22,0.0833,0,0.9167,0.7956,0,0.2044,0,18,406886
2018-12-17,24625,24625,0,125,25,745,157,36,0,0,45,0.4444,0,0.5556,0.7827,0,0.2173,0,18,407009
2018-12-18,24634,24634,0,138,20,697,96,31,0,0,95,0.246,0,0.754,0.5848,0.0025,0.4127,0,18,407173
2018-12-19,24639,24639,0,111,17,612,92,2,0,0,28,0.0667,0,0.9333,0.7434,0.0044,0.2522,0,18,407233
2018-12-20,24637,24637,0,120,14,513,75,9,0,0,23,0.2813,0,0.7188,0.8313,0.008,0.1606,0,18,407279
2018-12-21,24644,24644,0,90,8,471,68,3,0,0,52,0.0545,0,0.9455,0.6439,0,0.3561,0,18,407371
2018-12-22,24651,24651,0,83,12,459,68,7,0,0,15,0.3182,0,0.6818,0.7647,0,0.2353,0,18,407441
2018-12-23,24659,24659,0,55,12,432,71,5,0,0,29,0.1471,0,0.8529,0.6093,0,0.3907,0,18,407500
2018-12-24,24669,24669,0,82,13,421,64,7,0,0,24,0.2258,0,0.7742,0.7514,0,0.2486,0,18,407572
2018-12-25,24673,24673,0,43,4,376,53,0,0,0,6,0,0,1,0.7746,0,0.2254,0,18,407593
2018-12-26,24678,24678,0,62,5,359,48,0,0,0,12,0,0,1,0.771,0.0076,0.2214,0,18,407627
2018-12-27,24683,24683,0,88,11,341,49,3,0,0,71,0.0405,0,0.9595,0.5958,0.0083,0.3958,0,18,407727
2018-12-28,24685,24685,0,80,12,328,51,8,0,0,53,0.1311,0,0.8689,0.6837,0,0.3163,0,18,407802
2018-12-29,24691,24691,0,74,11,321,49,23,0,0,26,0.4694,0,0.5306,0.7927,0,0.2073,0,18,407868
2018-12-30,24694,24694,0,66,6,328,49,1,0,0,38,0.0256,0,0.9744,0.6842,0.0058,0.3099,0,18,407923
2018-12-31,24695,24695,0,68,3,317,39,1,0,0,7,0.125,0,0.875,0.8779,0,0.1221,0,18,407939
2019-01-01,24696,24696,0,49,5,325,37,1,0,0,55,0.0179,0,0.9821,0.7244,0,0.2756,0,18,408002
2019-01-02,24705,24705,0,97,12,337,40,10,0,0,170,0.0556,0,0.9444,0.5198,0,0.4802,0,18,408210
2019-01-03,24706,24706,0,104,12,343,42,10,0,0,9,0.5263,0,0.4737,0.8978,0,0.1022,0,18,408241
2019-01-04,24711,24711,0,104,10,359,41,1,0,0,10,0.0909,0,0.9091,0.84,0.005,0.155,0,18,408267
2019-01-05,24718,24718,0,93,6,365,40,1,2,0,6,0.1111,0.2222,0.6667,0.8049,0.0061,0.189,0,18,408306
2019-01-06,24720,24720,0,74,8,362,39,4,0,0,7,0.3636,0,0.6364,0.8425,0,0.1575,0,18,408326
2019-01-07,24726,24726,0,106,11,385,40,3,0,0,35,0.0789,0,0.9211,0.761,0,0.239,0,18,408387
2019-01-08,24732,24732,0,129,15,422,47,9,0,0,22,0.2903,0,0.7097,0.8373,0,0.1627,0,18,408447
2019-01-09,24740,24740,0,118,12,438,46,8,0,0,33,0.1951,0,0.8049,0.7373,0,0.2627,0,18,408517
2019-01-10,24751,24751,0,102,17,440,55,6,0,0,28,0.1765,0,0.8235,0.7279,0.0037,0.2684,0,18,408593
2019-01-11,24760,24760,0,109,10,434,55,3,0,0,9,0.25,0,0.75,0.8138,0,0.1862,0,18,408643
2019-01-12,24768,24768,0,66,7,424,56,2,0,0,9,0.1818,0,0.8182,0.8571,0,0.1429,0,18,408687
