Date,"Total Users","Full Members",Guests,"Daily Active Users","Daily Users Posting Messages","Weekly Active Users","Weekly Users Posting Messages","Messages in Public Channels","Messages in Private Channels","Messages in Shared Channels","Messages in DMs","% of Messages Posted in Public Channels","% of Messages Posted in Private Channels","% of Messages Posted in DMs","% of Messages Read in Public Channels","% of Messages Read in Private Channels","% of Messages Read in DMs","Files Uploaded","Messages from Users",Name,"Public Workspace Channels","Messages Posted","Messages from Apps"
2017-03-16,3,3,0,3,2,3,2,16,0,0,0,1,0,0,0.8235,0,0.1765,0,16,0,2,27,0
2017-03-17,32,32,0,32,13,32,13,107,0,0,23,0.8231,0,0.1769,0.879,0,0.121,0,130,0,3,260,0
2017-03-18,39,39,0,30,10,39,18,26,0,0,2,0.9286,0,0.0714,0.9451,0,0.0549,0,28,0,4,338,0
2017-03-19,44,44,0,35,6,44,22,4,0,0,8,0.3333,0,0.6667,0.8944,0,0.1056,0,12,0,4,382,0
2017-03-20,60,60,0,48,14,59,27,56,0,0,2,0.9655,0,0.0345,0.9669,0,0.0331,1,58,0,4,519,0
2017-03-21,67,67,0,56,32,66,40,348,0,0,72,0.8286,0,0.1714,0.957,0,0.043,2,420,0,4,989,0
2017-03-22,71,71,0,47,15,70,42,156,0,0,17,0.9017,0,0.0983,0.9623,0,0.0377,1,173,0,4,1183,0
2017-03-23,72,72,0,52,24,71,48,169,20,0,32,0.7647,0.0905,0.1448,0.8613,0.0825,0.0562,2,221,0,4,1420,0
2017-03-24,73,73,0,59,22,71,49,95,12,0,49,0.609,0.0769,0.3141,0.9013,0.0258,0.0729,1,156,0,4,1583,0
2017-03-25,73,73,0,40,14,70,49,24,2,0,3,0.8276,0.069,0.1034,0.9301,0.0524,0.0175,0,29,0,4,1613,0
2017-03-26,73,73,0,32,5,69,49,19,0,0,0,1,0,0,0.9643,0.0357,0,0,19,0,4,1632,0
2017-03-27,73,73,0,48,16,69,48,31,14,0,57,0.3039,0.1373,0.5588,0.6492,0.0907,0.2601,0,102,0,4,1734,0
2017-03-28,75,75,0,56,18,71,39,105,2,0,6,0.9292,0.0177,0.0531,0.9715,0.0104,0.0181,1,113,0,4,1853,0
2017-03-29,75,75,0,44,8,70,38,49,4,0,7,0.8167,0.0667,0.1167,0.8863,0.0824,0.0314,0,60,0,4,1910,0
2017-03-30,75,75,0,46,10,70,33,128,7,0,33,0.7619,0.0417,0.1964,0.8557,0.0435,0.1009,1,168,0,4,2079,0
2017-03-31,75,75,0,45,11,66,29,55,2,0,18,0.7333,0.0267,0.24,0.913,0.0072,0.0797,0,75,0,4,2156,0
2017-04-01,75,75,0,32,6,67,25,94,4,0,2,0.94,0.04,0.02,0.9288,0.0569,0.0142,0,100,0,4,2257,0
2017-04-02,75,75,0,29,5,67,25,10,15,0,1,0.3846,0.5769,0.0385,0.656,0.336,0.008,1,26,0,4,2285,0
2017-04-03,75,75,0,36,9,64,24,26,14,0,26,0.3939,0.2121,0.3939,0.6473,0.1473,0.2054,0,66,0,4,2351,0
2017-04-04,75,75,0,49,14,65,22,56,14,0,25,0.5895,0.1474,0.2632,0.8404,0.0747,0.0848,0,95,0,4,2452,0
2017-04-05,75,75,0,32,3,65,21,5,0,0,0,1,0,0,1,0,0,0,5,0,4,2457,0
2017-04-06,76,76,0,40,15,67,24,5,2,0,102,0.0459,0.0183,0.9358,0.33,0.0539,0.6162,3,109,0,4,2577,0
2017-04-07,77,77,0,49,15,66,25,45,16,0,58,0.3782,0.1345,0.4874,0.7509,0.0842,0.1649,2,119,0,5,2708,0
2017-04-08,77,77,0,35,6,63,26,4,18,0,2,0.1667,0.75,0.0833,0.5655,0.4069,0.0276,1,24,0,5,2733,0
2017-04-09,77,77,0,26,9,63,26,2,27,0,39,0.0294,0.3971,0.5735,0.201,0.488,0.311,0,68,0,5,2801,0
2017-04-10,78,78,0,44,12,63,26,9,94,0,59,0.0556,0.5802,0.3642,0.2495,0.567,0.1835,0,162,0,5,2978,0
2017-04-11,78,78,0,29,15,60,26,0,472,0,378,0,0.5553,0.4447,0.0094,0.784,0.2066,20,850,0,5,3845,0
2017-04-12,78,78,0,27,16,59,26,5,105,0,273,0.0131,0.2742,0.7128,0.0468,0.5505,0.4027,11,383,0,5,4242,0
2017-04-13,78,78,0,43,23,58,27,26,213,0,134,0.0697,0.571,0.3592,0.1754,0.6695,0.1551,6,373,0,5,4641,0
2017-04-14,78,78,0,28,15,56,26,0,122,0,276,0,0.3065,0.6935,0.0179,0.526,0.4562,1,398,0,5,5038,0
2017-04-15,78,78,0,38,14,56,26,9,121,0,434,0.016,0.2145,0.7695,0.064,0.3523,0.5837,21,564,0,5,5623,0
2017-04-16,78,78,0,21,9,57,26,0,21,0,36,0,0.3684,0.6316,0.0362,0.6697,0.2941,0,57,0,5,5679,0
2017-04-17,77,77,0,37,13,58,28,15,33,0,39,0.1724,0.3793,0.4483,0.2898,0.4245,0.2857,2,87,0,5,5774,0
2017-04-18,77,77,0,42,16,58,28,4,102,0,227,0.012,0.3063,0.6817,0.1165,0.4378,0.4458,6,333,0,5,6113,0
2017-04-19,78,78,0,48,16,59,29,25,23,0,341,0.0643,0.0591,0.8766,0.2032,0.1097,0.6871,13,389,0,5,6521,0
2017-04-20,79,79,0,34,16,58,27,1,79,0,196,0.0036,0.2862,0.7101,0.0748,0.4339,0.4913,5,276,0,5,6812,0
2017-04-21,79,79,0,43,15,58,28,8,141,0,35,0.0435,0.7663,0.1902,0.1346,0.7768,0.0886,4,184,0,5,7001,0
2017-04-22,79,79,0,22,10,59,26,0,135,0,70,0,0.6585,0.3415,0.0151,0.8339,0.151,1,205,0,5,7206,0
2017-04-23,79,79,0,19,8,59,26,0,26,0,12,0,0.6842,0.3158,0.0469,0.7969,0.1563,0,38,0,5,7244,0
2017-04-24,79,79,0,31,11,59,24,5,20,0,20,0.1111,0.4444,0.4444,0.3684,0.4276,0.2039,0,45,0,5,7292,0
2017-04-25,80,80,0,39,14,60,24,5,189,0,10,0.0245,0.9265,0.049,0.0692,0.9135,0.0173,0,204,0,5,7498,0
2017-04-26,81,81,0,40,14,60,26,27,74,0,150,0.1076,0.2948,0.5976,0.2395,0.4031,0.3573,0,251,0,5,7754,0
2017-04-27,82,82,0,43,17,61,24,14,55,0,272,0.0411,0.1613,0.7977,0.1702,0.2875,0.5423,2,341,0,5,8103,0
2017-04-28,82,82,0,41,12,60,23,6,32,0,114,0.0395,0.2105,0.75,0.2721,0.2676,0.4603,0,152,0,5,8256,0
2017-04-29,83,83,0,31,10,60,23,0,324,0,33,0,0.9076,0.0924,0.0143,0.9566,0.0291,3,357,0,5,8616,0
2017-04-30,83,83,0,40,13,61,26,19,45,0,23,0.2184,0.5172,0.2644,0.3704,0.5324,0.0972,1,87,0,5,8704,0
2017-05-01,83,83,0,33,10,62,24,37,22,0,34,0.3978,0.2366,0.3656,0.6369,0.1935,0.1696,0,93,0,5,8797,0
2017-05-02,84,84,0,38,11,64,27,33,114,0,31,0.1854,0.6404,0.1742,0.3458,0.5884,0.0658,2,178,0,5,8982,0
2017-05-03,84,84,0,44,20,65,31,34,264,0,138,0.078,0.6055,0.3165,0.118,0.7592,0.1228,2,436,0,5,9421,0
2017-05-04,84,84,0,39,16,63,28,17,189,0,95,0.0565,0.6279,0.3156,0.1077,0.7571,0.1352,3,301,0,5,9724,0
2017-05-05,84,84,0,28,14,61,27,9,228,0,49,0.0315,0.7972,0.1713,0.074,0.8553,0.0706,1,286,0,5,10015,0
2017-05-06,84,84,0,25,11,59,27,6,314,0,71,0.0153,0.8031,0.1816,0.0491,0.8729,0.078,1,391,0,5,10407,0
2017-05-07,84,84,0,22,9,59,25,4,70,0,12,0.0465,0.814,0.1395,0.0685,0.8669,0.0645,3,86,0,5,10495,0
2017-05-08,86,86,0,28,9,60,23,0,53,0,69,0,0.4344,0.5656,0.0895,0.5494,0.3611,0,122,0,5,10624,0
2017-05-09,93,93,0,30,14,64,26,0,176,0,217,0,0.4478,0.5522,0.0395,0.6425,0.318,2,393,0,5,11045,0
2017-05-10,93,93,0,27,11,58,22,6,266,0,121,0.0153,0.6768,0.3079,0.0264,0.8532,0.1204,4,393,0,5,11451,0
2017-05-11,93,93,0,16,11,54,20,0,76,0,163,0,0.318,0.682,0.0109,0.5358,0.4533,1,239,0,5,11692,0
2017-05-12,93,93,0,17,13,50,18,0,207,0,85,0,0.7089,0.2911,0.003,0.8766,0.1204,0,292,0,5,11986,0
2017-05-13,93,93,0,14,10,50,18,1,241,0,36,0.0036,0.8669,0.1295,0.0081,0.9434,0.0485,4,278,0,5,12269,0
2017-05-14,93,93,0,21,6,52,17,3,19,0,0,0.1364,0.8636,0,0.2797,0.7203,0,1,22,0,5,12292,0
2017-05-15,97,97,0,34,9,53,19,13,28,0,62,0.1262,0.2718,0.6019,0.3495,0.3526,0.2979,0,103,0,5,12410,0
2017-05-16,97,97,0,25,12,52,16,0,188,0,107,0,0.6373,0.3627,0.021,0.7896,0.1894,1,295,0,5,12706,0
2017-05-17,97,97,0,21,13,49,16,2,98,0,227,0.0061,0.2997,0.6942,0.042,0.4562,0.5018,2,327,0,5,13035,0
2017-05-18,97,97,0,16,10,49,16,0,131,0,45,0,0.7443,0.2557,0.0129,0.8486,0.1385,3,176,0,5,13214,0
2017-05-19,97,97,0,24,13,50,16,1,224,0,52,0.0036,0.8087,0.1877,0.0229,0.8873,0.0897,0,277,0,5,13491,0
2017-05-20,97,97,0,15,11,50,16,0,207,0,170,0,0.5491,0.4509,0.0014,0.7928,0.2058,0,377,0,5,13871,0
2017-05-21,97,97,0,14,7,51,16,0,8,0,14,0,0.3636,0.6364,0.033,0.6374,0.3297,3,22,0,5,13896,0
2017-05-22,98,98,0,15,6,44,15,0,21,0,12,0,0.6364,0.3636,0.088,0.808,0.104,1,33,0,5,13938,0
2017-05-23,98,98,0,19,9,41,15,0,306,0,64,0,0.827,0.173,0.006,0.9314,0.0626,2,370,0,5,14310,0
2017-05-24,98,98,0,16,9,39,14,0,66,0,3,0,0.9565,0.0435,0.0164,0.9638,0.0197,2,69,0,5,14382,0
2017-05-25,98,98,0,5,1,39,14,0,0,0,4,0,0,1,0.2857,0,0.7143,0,4,0,5,14386,0
2017-05-26,98,98,0,3,0,36,12,0,0,0,0,0,0,0,1,0,0,0,0,0,5,14386,0
2017-05-27,98,98,0,4,2,34,13,0,0,0,13,0,0,1,0.1081,0.0811,0.8108,0,13,0,5,14399,0
2017-05-28,98,98,0,3,2,33,14,0,1,0,1,0,0.5,0.5,0,0.6667,0.3333,0,2,0,5,14401,0
2017-05-29,98,98,0,4,3,27,13,0,3,0,2,0,0.6,0.4,0,0.9167,0.0833,0,5,0,5,14406,0
2017-05-30,98,98,0,14,7,26,14,0,27,0,32,0,0.4576,0.5424,0.0189,0.6478,0.3333,2,59,0,5,14467,0
2017-05-31,98,98,0,13,10,23,14,0,72,0,73,0,0.4966,0.5034,0.0064,0.7201,0.2735,2,145,0,5,14613,0
2017-06-01,98,98,0,16,10,23,13,0,212,0,20,0,0.9138,0.0862,0.0114,0.9478,0.0409,1,232,0,5,14846,0
2017-06-02,98,98,0,16,10,26,13,0,130,0,107,0,0.5485,0.4515,0.0091,0.7458,0.2451,3,237,0,5,15077,0
2017-06-03,98,98,0,16,11,26,12,1,282,0,288,0.0018,0.4939,0.5044,0.0047,0.7585,0.2368,2,571,0,5,15652,0
2017-06-04,99,99,0,15,5,28,12,2,12,0,14,0.0714,0.4286,0.5,0.1316,0.6228,0.2456,0,28,0,5,15683,0
2017-06-05,99,99,0,20,9,31,12,6,61,0,21,0.0682,0.6932,0.2386,0.1168,0.7806,0.1026,2,88,0,5,15771,0
2017-06-06,99,99,0,15,11,31,13,0,101,0,184,0,0.3544,0.6456,0.0094,0.5775,0.4131,1,285,0,5,16057,0
2017-06-07,99,99,0,12,10,31,13,0,64,0,35,0,0.6465,0.3535,0.0068,0.7671,0.226,3,99,0,5,16159,0
2017-06-08,99,99,0,18,9,30,13,1,173,0,67,0.0041,0.7178,0.278,0.0263,0.8435,0.1303,1,241,0,5,16401,0
2017-06-09,99,99,0,13,10,28,13,0,302,0,160,0,0.6537,0.3463,0.0006,0.8381,0.1613,1,462,0,5,16867,0
2017-06-10,99,99,0,13,12,29,13,0,127,0,67,0,0.6546,0.3454,0,0.8282,0.1718,0,194,0,5,17057,0
2017-06-11,99,99,0,11,9,29,13,0,72,0,1,0,0.9863,0.0137,0.0033,0.9934,0.0033,1,73,0,5,17131,0
2017-06-12,100,100,0,16,6,27,12,0,31,0,27,0,0.5345,0.4655,0.0795,0.6534,0.267,1,58,0,5,17192,0
2017-06-13,100,100,0,15,10,27,12,0,269,0,46,0,0.854,0.146,0.0075,0.9219,0.0707,1,315,0,5,17502,0
2017-06-14,100,100,0,14,10,26,13,0,208,0,201,0,0.5086,0.4914,0.0032,0.7249,0.2719,3,409,0,5,17914,0
2017-06-15,123,123,0,43,28,49,30,78,407,0,284,0.1014,0.5293,0.3693,0.1839,0.6528,0.1633,5,769,0,5,18789,0
2017-06-16,124,124,0,34,21,51,32,2,320,0,178,0.004,0.64,0.356,0.0344,0.791,0.1746,2,500,0,5,19296,0
2017-06-17,124,124,0,29,22,50,30,0,389,0,61,0,0.8644,0.1356,0.0041,0.9353,0.0606,13,450,0,5,19756,0
2017-06-18,124,124,0,27,10,49,30,1,38,0,7,0.0217,0.8261,0.1522,0.0476,0.8667,0.0857,1,46,0,5,19802,0
2017-06-19,125,125,0,39,19,50,32,3,232,0,211,0.0067,0.5202,0.4731,0.0516,0.6331,0.3153,10,446,0,5,20262,0
2017-06-20,126,126,0,33,21,52,33,3,430,0,520,0.0031,0.4512,0.5456,0.0254,0.6524,0.3222,48,953,0,5,21257,0
2017-06-21,132,132,0,36,23,54,36,22,628,0,166,0.027,0.7696,0.2034,0.0538,0.8616,0.0845,12,816,0,5,22111,0
2017-06-22,133,133,0,37,26,52,35,9,242,0,736,0.0091,0.2452,0.7457,0.0359,0.3965,0.5677,7,987,0,5,23109,0
2017-06-23,134,134,0,39,23,52,39,17,180,0,360,0.0305,0.3232,0.6463,0.0789,0.4899,0.4312,7,557,0,7,23679,0
2017-06-24,134,134,0,36,22,55,38,3,340,0,293,0.0047,0.5346,0.4607,0.0168,0.7186,0.2646,7,636,0,7,24319,0
2017-06-25,135,135,0,33,14,56,39,2,68,0,43,0.0177,0.6018,0.3805,0.0792,0.686,0.2348,3,113,0,7,24435,0
2017-06-26,136,136,0,32,17,57,37,37,36,0,158,0.1602,0.1558,0.684,0.3287,0.2545,0.4168,0,231,0,7,24671,0
2017-06-27,137,137,0,38,23,57,38,92,244,0,421,0.1215,0.3223,0.5561,0.1999,0.4942,0.3059,8,757,0,7,25438,0
2017-06-28,138,138,0,45,26,58,41,68,292,0,907,0.0537,0.2305,0.7159,0.1259,0.4372,0.4369,5,1267,0,7,26462,0
2017-06-29,138,138,0,44,25,57,42,6,131,0,231,0.0163,0.356,0.6277,0.092,0.5232,0.3848,2,368,0,7,26833,0
2017-06-30,137,137,0,37,23,53,41,4,136,0,182,0.0124,0.4224,0.5652,0.0698,0.6382,0.292,0,322,0,7,27159,0
2017-07-01,137,137,0,38,20,53,40,0,117,0,261,0,0.3095,0.6905,0.022,0.5882,0.3898,3,378,0,7,27538,0
2017-07-02,137,137,0,41,15,53,40,4,33,0,82,0.0336,0.2773,0.6891,0.1269,0.5278,0.3452,0,119,0,7,27658,0
2017-07-03,137,137,0,48,30,55,42,19,292,0,477,0.0241,0.3706,0.6053,0.0496,0.7371,0.2134,15,788,0,8,28466,0
2017-07-04,137,137,0,48,34,55,43,11,421,0,415,0.013,0.497,0.49,0.0518,0.6988,0.2494,4,847,0,8,29330,0
2017-07-05,137,137,0,45,38,56,44,133,658,0,1217,0.0662,0.3277,0.6061,0.0764,0.6475,0.2761,21,2008,0,9,31359,0
2017-07-06,149,149,0,62,42,70,49,12,841,0,948,0.0067,0.467,0.5264,0.0278,0.7663,0.206,16,1801,0,9,33232,0
2017-07-07,153,153,0,58,42,73,54,66,632,0,693,0.0474,0.4543,0.4982,0.0717,0.7395,0.1888,11,1391,0,9,34661,1
2017-07-08,154,154,0,54,27,75,55,51,723,0,476,0.0408,0.5784,0.3808,0.0666,0.7795,0.1539,14,1250,0,9,35941,0
2017-07-09,155,155,0,59,24,78,56,3,319,0,191,0.0058,0.6218,0.3723,0.0594,0.7758,0.1648,6,513,0,9,36485,0
2017-07-10,158,158,0,77,52,86,65,44,521,0,791,0.0324,0.3842,0.5833,0.0916,0.6668,0.2416,18,1356,0,9,37890,0
2017-07-11,158,158,0,77,66,88,73,233,506,0,2961,0.063,0.1368,0.8003,0.1134,0.3878,0.4987,43,3700,0,10,41688,0
2017-07-12,158,158,0,77,63,89,72,244,652,0,2749,0.0669,0.1789,0.7542,0.1505,0.4419,0.4076,47,3645,0,10,45412,0
2017-07-13,158,158,0,76,62,87,71,315,688,0,2977,0.0791,0.1729,0.748,0.171,0.3999,0.4291,72,3980,0,12,49525,0
2017-07-14,158,158,0,76,64,86,71,364,716,0,2559,0.1,0.1968,0.7032,0.1959,0.4135,0.3906,36,3639,0,18,53319,1
2017-07-15,158,158,0,71,53,86,71,206,390,0,2670,0.0631,0.1194,0.8175,0.1549,0.3111,0.534,23,3266,0,20,56649,4
2017-07-16,158,158,0,66,40,87,71,238,221,0,1765,0.107,0.0994,0.7936,0.202,0.2508,0.5471,11,2224,0,20,58911,2
2017-07-17,159,159,0,69,48,87,69,54,459,0,1920,0.0222,0.1887,0.7891,0.0632,0.4649,0.4719,23,2433,0,20,61375,0
2017-07-18,159,159,0,71,58,87,69,62,342,0,2452,0.0217,0.1197,0.8585,0.0776,0.3793,0.5431,23,2856,0,20,64268,0
2017-07-19,159,159,0,69,60,85,70,145,666,0,2706,0.0412,0.1894,0.7694,0.079,0.4752,0.4458,33,3517,0,20,67807,0
2017-07-20,158,158,0,68,57,82,68,79,497,0,2316,0.0273,0.1719,0.8008,0.0837,0.4169,0.4994,27,2892,0,20,70732,0
2017-07-21,158,158,0,70,56,80,65,98,678,0,1899,0.0366,0.2535,0.7099,0.0638,0.5344,0.4018,10,2675,0,21,73447,0
2017-07-22,178,178,0,83,60,96,76,254,695,0,1761,0.0937,0.2565,0.6498,0.1851,0.4156,0.3993,20,2710,0,22,76361,0
2017-07-23,178,178,0,74,43,95,76,146,105,0,1156,0.1038,0.0746,0.8216,0.2111,0.1653,0.6237,10,1407,0,22,77795,0
2017-07-24,182,182,0,84,58,97,77,122,375,0,1357,0.0658,0.2023,0.7319,0.1198,0.4628,0.4174,15,1854,0,21,79705,0
2017-07-25,182,182,0,85,62,97,77,240,449,0,2293,0.0805,0.1506,0.7689,0.1429,0.3458,0.5112,11,2982,0,21,82691,0
2017-07-26,183,183,0,83,65,99,77,101,620,0,1760,0.0407,0.2499,0.7094,0.0769,0.5408,0.3823,21,2481,0,20,85222,0
2017-07-27,183,183,0,82,61,98,78,98,616,0,1920,0.0372,0.2339,0.7289,0.1133,0.4657,0.4211,33,2634,0,20,87897,0
2017-07-28,183,183,0,80,58,96,79,99,547,0,1932,0.0384,0.2122,0.7494,0.11,0.4543,0.4357,32,2578,0,23,90547,0
2017-07-29,184,184,0,80,52,96,78,144,494,0,1716,0.0612,0.2099,0.729,0.132,0.4271,0.4409,17,2354,0,22,92940,0
2017-07-30,184,184,0,69,40,95,77,186,141,0,564,0.2088,0.1582,0.633,0.2134,0.3477,0.4389,4,891,0,22,93837,0
2017-07-31,186,186,0,78,47,98,80,49,433,0,1494,0.0248,0.2191,0.7561,0.1044,0.4939,0.4017,7,1976,0,22,95833,0
2017-08-01,198,198,0,100,75,108,91,446,537,0,1726,0.1646,0.1982,0.6371,0.2965,0.3494,0.3541,28,2709,0,25,98685,0
2017-08-02,200,200,0,87,63,109,89,214,575,0,1942,0.0784,0.2105,0.7111,0.1654,0.4261,0.4085,38,2731,0,26,101497,0
2017-08-03,206,206,0,102,72,116,97,268,494,0,1714,0.1082,0.1995,0.6922,0.2205,0.4337,0.3457,22,2476,0,29,104032,1
2017-08-04,210,210,0,99,58,122,99,355,411,0,1411,0.1631,0.1888,0.6481,0.2548,0.3582,0.387,20,2177,0,28,106289,1
2017-08-05,210,210,0,91,57,121,97,36,382,0,1474,0.019,0.2019,0.7791,0.0788,0.4492,0.4719,8,1892,0,28,108188,0
2017-08-06,210,210,0,76,38,122,97,95,323,0,563,0.0968,0.3293,0.5739,0.2238,0.4127,0.3635,12,981,0,30,109215,1
2017-08-07,212,212,0,106,76,130,107,419,1011,0,2086,0.1192,0.2875,0.5933,0.1681,0.5946,0.2373,51,3516,0,31,112861,0
2017-08-08,213,213,0,108,88,130,108,286,1096,0,3212,0.0623,0.2386,0.6992,0.1272,0.5048,0.3679,45,4594,0,32,117675,0
2017-08-09,213,213,0,101,80,130,107,365,1210,0,2399,0.0918,0.3045,0.6037,0.1179,0.5958,0.2864,34,3974,0,32,121722,0
2017-08-10,213,213,0,102,79,124,102,292,729,0,3813,0.0604,0.1508,0.7888,0.1396,0.3905,0.4699,23,4834,0,32,126604,0
2017-08-11,214,214,0,99,78,125,103,414,776,0,2923,0.1007,0.1887,0.7107,0.2526,0.3851,0.3623,27,4113,0,32,130766,0
2017-08-12,214,214,0,94,62,126,101,311,454,0,1253,0.1541,0.225,0.6209,0.3133,0.4087,0.2779,13,2018,0,31,132805,0
2017-08-13,214,214,0,83,42,126,101,39,125,0,455,0.063,0.2019,0.7351,0.2028,0.3708,0.4264,1,619,0,31,133424,0
2017-08-14,214,214,0,100,62,122,98,126,689,0,2318,0.0402,0.2199,0.7399,0.0801,0.5281,0.3918,24,3133,0,31,136568,0
2017-08-15,214,214,0,96,70,117,93,271,819,0,4074,0.0525,0.1586,0.7889,0.1103,0.4407,0.4489,36,5164,0,33,141856,0
2017-08-16,214,214,0,97,70,117,91,198,760,0,3175,0.0479,0.1839,0.7682,0.0958,0.5167,0.3875,21,4133,0,34,146056,1
2017-08-17,241,241,0,131,80,147,104,368,630,0,3092,0.09,0.154,0.756,0.1896,0.4056,0.4048,24,4090,0,33,150300,0
2017-08-18,257,257,0,130,87,159,116,350,751,0,3398,0.0778,0.1669,0.7553,0.2201,0.3665,0.4135,46,4499,0,35,154796,0
2017-08-19,260,260,0,110,67,162,118,170,266,0,1833,0.0749,0.1172,0.8078,0.1656,0.324,0.5104,21,2269,0,35,157119,0
2017-08-20,261,261,0,93,43,162,118,217,158,0,682,0.2053,0.1495,0.6452,0.4341,0.2095,0.3564,5,1057,0,35,158198,0
2017-08-21,269,269,0,115,67,165,122,169,592,0,2257,0.056,0.1962,0.7478,0.1652,0.4788,0.356,23,3018,0,36,161281,0
2017-08-22,270,270,0,108,65,166,122,408,349,0,2563,0.1229,0.1051,0.772,0.2649,0.2959,0.4392,26,3320,0,37,164633,0
2017-08-23,270,270,0,109,78,164,123,593,1275,0,3106,0.1192,0.2563,0.6244,0.2226,0.4981,0.2793,25,4974,0,39,169664,1
2017-08-24,271,271,0,103,76,157,122,340,606,0,2416,0.1011,0.1802,0.7186,0.2104,0.4349,0.3547,24,3362,0,39,173043,0
2017-08-25,272,272,0,93,65,145,116,233,484,0,1610,0.1001,0.208,0.6919,0.1964,0.4785,0.3251,8,2327,0,40,175397,0
2017-08-26,272,272,0,91,53,142,113,193,182,0,742,0.1728,0.1629,0.6643,0.3478,0.309,0.3432,8,1117,0,40,176500,0
2017-08-27,272,272,0,85,45,139,111,45,166,0,689,0.05,0.1844,0.7656,0.1952,0.3508,0.454,4,900,0,40,177427,0
2017-08-28,274,274,0,106,62,137,108,196,819,0,2762,0.0519,0.2168,0.7313,0.1095,0.5252,0.3654,12,3777,0,41,181241,0
2017-08-29,275,275,0,113,86,142,115,393,434,0,3395,0.0931,0.1028,0.8041,0.2512,0.3074,0.4413,14,4222,0,42,185174,4
2017-08-30,277,277,0,122,82,146,117,583,695,0,3177,0.1309,0.156,0.7131,0.2565,0.3769,0.3666,21,4455,0,42,189667,0
2017-08-31,278,278,0,116,92,150,123,278,615,0,3426,0.0644,0.1424,0.7932,0.2234,0.3578,0.4188,27,4319,0,43,194038,1
2017-09-01,281,281,0,117,81,154,124,228,579,0,2595,0.067,0.1702,0.7628,0.2318,0.4043,0.3639,28,3402,0,43,197528,0
2017-09-02,282,282,0,113,55,158,123,322,103,0,834,0.2558,0.0818,0.6624,0.4746,0.2294,0.296,19,1259,0,43,198823,0
2017-09-03,282,282,0,79,20,158,121,23,7,0,646,0.034,0.0104,0.9556,0.2256,0.0251,0.7493,1,676,0,43,199498,0
2017-09-04,281,281,0,87,43,157,121,62,5,0,257,0.1914,0.0154,0.7932,0.5239,0.0351,0.441,2,324,0,43,199828,1
2017-09-05,282,282,0,116,91,158,125,476,1358,0,3044,0.0976,0.2784,0.624,0.1947,0.5412,0.2641,53,4878,0,42,204759,0
2017-09-06,279,279,0,123,95,151,121,325,1312,0,3362,0.065,0.2625,0.6725,0.1213,0.606,0.2727,61,4999,0,42,209837,0
2017-09-07,279,279,0,116,93,151,118,215,1722,0,3076,0.0429,0.3435,0.6136,0.0847,0.6775,0.2377,42,5013,0,43,214878,0
2017-09-08,279,279,0,113,85,147,116,300,1323,0,2377,0.075,0.3308,0.5943,0.105,0.642,0.2531,44,4000,0,43,218887,0
2017-09-09,279,279,0,95,67,143,115,87,521,0,1619,0.0391,0.2339,0.727,0.0622,0.5065,0.4312,14,2227,0,43,221131,0
2017-09-10,280,280,0,97,39,142,116,38,211,0,199,0.0848,0.471,0.4442,0.307,0.453,0.24,3,448,0,43,221587,0
2017-09-11,281,281,0,105,75,145,116,160,1307,0,2066,0.0453,0.3699,0.5848,0.0768,0.6906,0.2326,39,3533,0,44,225176,0
2017-09-12,281,281,0,108,80,144,112,226,894,0,2586,0.061,0.2412,0.6978,0.1015,0.5411,0.3575,50,3706,0,45,228922,0
2017-09-13,280,280,0,115,87,139,108,205,1342,0,2826,0.0469,0.3069,0.6462,0.0639,0.657,0.2791,36,4373,0,45,233314,0
2017-09-14,282,282,0,115,83,136,106,441,903,0,2762,0.1074,0.2199,0.6727,0.3663,0.38,0.2537,20,4106,0,45,237440,0
2017-09-15,293,293,0,122,85,147,108,337,756,0,2091,0.1058,0.2374,0.6567,0.1996,0.5071,0.2932,24,3184,0,46,240693,0
2017-09-16,331,331,0,155,84,188,131,182,386,0,1588,0.0844,0.179,0.7365,0.163,0.4451,0.3918,22,2156,0,46,243042,1
2017-09-17,338,338,0,94,45,194,143,26,31,0,107,0.1585,0.189,0.6524,0.4589,0.2748,0.2663,1,164,0,46,243243,0
2017-09-18,358,358,0,130,78,213,151,95,634,0,1639,0.0401,0.2677,0.6921,0.0945,0.6042,0.3014,28,2368,0,46,245721,0
2017-09-19,366,366,0,127,81,223,153,170,507,0,2674,0.0507,0.1513,0.798,0.1442,0.4109,0.4449,34,3351,0,46,249140,0
2017-09-20,379,379,0,114,80,232,159,208,752,0,2030,0.0696,0.2515,0.6789,0.1259,0.5793,0.2948,16,2990,0,47,252232,0
2017-09-21,383,383,0,116,75,234,163,126,491,0,2147,0.0456,0.1776,0.7768,0.1241,0.4362,0.4397,23,2764,0,47,255029,0
2017-09-22,384,384,0,109,66,228,157,567,534,0,1660,0.2054,0.1934,0.6012,0.3046,0.4024,0.293,32,2761,0,48,257828,0
2017-09-23,384,384,0,101,48,193,132,115,241,0,772,0.102,0.2137,0.6844,0.2412,0.3674,0.3913,7,1128,0,48,258967,0
2017-09-24,384,384,0,99,33,189,121,33,10,0,803,0.039,0.0118,0.9492,0.2318,0.0522,0.716,4,846,0,48,259822,0
2017-09-25,385,385,0,135,89,180,120,254,611,0,2075,0.0864,0.2078,0.7058,0.2334,0.4764,0.2902,33,2940,0,48,262801,0
2017-09-26,395,395,0,126,88,174,121,200,534,0,2901,0.055,0.1469,0.7981,0.1589,0.4021,0.439,29,3635,0,48,266496,0
2017-09-27,398,398,0,131,96,175,118,342,1013,0,2406,0.0909,0.2693,0.6397,0.1788,0.5448,0.2764,24,3761,0,49,270300,0
2017-09-28,408,408,0,144,97,181,127,355,723,0,2781,0.092,0.1874,0.7207,0.1991,0.43,0.3709,20,3859,0,50,274174,3
2017-09-29,412,412,0,140,109,187,135,625,805,0,3751,0.1206,0.1554,0.724,0.2928,0.3644,0.3428,56,5181,0,54,279462,0
2017-09-30,416,416,0,132,71,190,141,253,436,0,797,0.1703,0.2934,0.5363,0.3178,0.4446,0.2376,14,1486,0,54,281000,0
2017-10-01,416,416,0,108,48,189,142,123,13,0,615,0.1638,0.0173,0.8189,0.4403,0.0468,0.5129,11,751,0,54,281772,0
2017-10-02,421,421,0,162,124,191,154,1394,730,0,3063,0.2687,0.1407,0.5905,0.6048,0.2232,0.172,44,5187,0,54,287046,3
2017-10-03,421,421,0,165,125,193,158,1699,546,0,4483,0.2525,0.0812,0.6663,0.5704,0.1674,0.2622,57,6728,0,54,293845,0
2017-10-04,421,421,0,161,120,191,159,498,1901,0,5088,0.0665,0.2539,0.6796,0.1156,0.6151,0.2693,51,7487,0,53,301386,0
2017-10-05,421,421,0,148,119,189,158,562,1871,0,4595,0.08,0.2662,0.6538,0.1235,0.6028,0.2737,83,7028,0,53,308473,0
2017-10-06,424,424,0,151,117,191,156,922,1461,0,4888,0.1268,0.2009,0.6723,0.2239,0.4969,0.2792,64,7271,0,54,315794,0
2017-10-07,424,424,0,136,90,189,153,205,631,0,1804,0.0777,0.239,0.6833,0.1687,0.51,0.3213,37,2640,0,55,318468,0
2017-10-08,424,424,0,95,49,188,152,45,199,0,691,0.0481,0.2128,0.739,0.1992,0.3212,0.4796,11,935,0,55,319413,0
2017-10-09,425,425,0,147,115,186,148,498,1898,0,2914,0.0938,0.3574,0.5488,0.116,0.7186,0.1654,44,5310,0,72,324841,0
2017-10-10,304,304,0,156,130,184,147,722,1730,0,4235,0.108,0.2587,0.6333,0.1855,0.5631,0.2514,54,6687,0,73,331717,0
2017-10-11,305,305,0,152,123,181,147,546,2831,0,5683,0.0603,0.3125,0.6273,0.1167,0.6452,0.2381,74,9060,0,75,340851,0
2017-10-12,305,305,0,152,131,180,151,488,1852,0,6042,0.0582,0.2209,0.7208,0.1164,0.5465,0.3371,131,8382,0,78,349353,0
2017-10-13,311,311,0,151,120,179,155,415,1384,0,5299,0.0585,0.195,0.7465,0.1011,0.5273,0.3716,60,7098,0,78,356480,0
2017-10-14,316,316,0,153,112,187,158,286,387,0,2028,0.1059,0.1433,0.7508,0.297,0.3399,0.3631,36,2701,0,79,359227,0
2017-10-15,316,316,0,111,43,185,160,75,47,0,377,0.1503,0.0942,0.7555,0.4214,0.1752,0.4034,4,499,0,79,359735,0
2017-10-16,318,318,0,154,120,184,158,329,1815,0,3151,0.0621,0.3428,0.5951,0.091,0.7145,0.1945,37,5295,0,79,365065,0
2017-10-17,321,321,0,152,119,181,153,385,991,0,2506,0.0992,0.2553,0.6455,0.1809,0.5557,0.2634,75,3882,0,79,368999,0
2017-10-18,322,322,0,146,112,182,155,286,2337,0,2351,0.0575,0.4698,0.4727,0.071,0.7878,0.1413,59,4974,0,80,374038,0
2017-10-19,301,301,0,143,116,181,154,620,1970,0,2912,0.1127,0.3581,0.5293,0.1546,0.6629,0.1826,56,5502,0,80,379584,0
2017-10-20,306,306,0,161,127,183,157,499,1942,0,3765,0.0804,0.3129,0.6067,0.141,0.6283,0.2307,45,6206,0,80,385847,0
2017-10-21,308,308,0,138,78,178,152,245,330,0,774,0.1816,0.2446,0.5738,0.3294,0.4265,0.2441,14,1349,0,80,387230,0
2017-10-22,308,308,0,99,35,178,151,34,190,0,291,0.066,0.3689,0.565,0.2842,0.3993,0.3164,6,515,0,80,387732,0
2017-10-23,309,309,0,156,114,179,155,206,1771,0,2886,0.0424,0.3642,0.5935,0.1321,0.6586,0.2093,53,4863,0,80,392624,0
2017-10-24,310,310,0,146,107,180,155,375,1679,0,3545,0.067,0.2999,0.6331,0.1132,0.6474,0.2394,63,5599,0,80,398247,0
2017-10-25,315,315,0,167,121,191,160,625,1681,0,3458,0.1084,0.2916,0.5999,0.2269,0.5529,0.2202,70,5764,0,83,404103,0
2017-10-26,318,318,0,169,123,198,164,404,1615,0,3065,0.0795,0.3177,0.6029,0.1276,0.6445,0.2278,39,5084,0,83,409247,0
2017-10-27,325,325,0,165,127,205,168,271,1577,0,3065,0.0552,0.321,0.6239,0.1193,0.6175,0.2632,43,4913,0,84,414208,0
2017-10-28,325,325,0,142,68,204,166,76,147,0,700,0.0823,0.1593,0.7584,0.2508,0.3836,0.3656,14,923,0,85,415149,0
2017-10-29,325,325,0,121,51,204,167,79,56,0,256,0.202,0.1432,0.6547,0.4829,0.2161,0.301,5,391,0,85,415553,0
2017-10-30,330,330,0,172,127,206,169,503,1094,0,3355,0.1016,0.2209,0.6775,0.1819,0.5139,0.3042,54,4952,0,85,420558,0
2017-10-31,332,332,0,171,128,208,170,301,1237,0,3169,0.0639,0.2628,0.6733,0.1306,0.5899,0.2795,36,4707,0,85,425326,0
2017-11-01,336,336,0,179,129,207,174,262,1413,0,3001,0.056,0.3022,0.6418,0.1665,0.5911,0.2424,39,4676,0,86,430059,0
2017-11-02,338,338,0,183,134,211,181,390,1282,0,3433,0.0764,0.2511,0.6725,0.1862,0.5386,0.2752,33,5105,0,86,435228,0
2017-11-03,339,339,0,174,128,210,177,918,1000,0,3560,0.1676,0.1825,0.6499,0.3034,0.4103,0.2863,36,5478,0,87,440856,0
2017-11-04,339,339,0,152,86,211,178,274,266,0,1243,0.1537,0.1492,0.6971,0.2855,0.3234,0.3911,36,1783,0,89,442698,0
2017-11-05,341,341,0,122,60,211,180,183,29,0,385,0.3065,0.0486,0.6449,0.541,0.1111,0.3479,11,597,0,89,443310,0
2017-11-06,347,347,0,187,153,214,186,2003,1184,0,6004,0.2179,0.1288,0.6532,0.4784,0.2681,0.2534,88,9191,0,92,452661,0
2017-11-07,350,350,0,184,149,214,192,1782,1796,0,5682,0.1924,0.194,0.6136,0.3821,0.3822,0.2358,128,9260,0,92,462046,2
2017-11-08,351,351,0,189,148,214,189,1337,2962,0,5920,0.1308,0.2899,0.5793,0.2345,0.5523,0.2132,157,10219,0,93,472477,0
2017-11-09,355,355,0,195,154,218,193,618,2577,0,6023,0.067,0.2796,0.6534,0.1175,0.5939,0.2886,128,9218,0,95,481878,0
2017-11-10,357,357,0,180,143,218,191,735,1792,0,4273,0.1081,0.2635,0.6284,0.1404,0.5657,0.2939,73,6800,0,98,488791,0
2017-11-11,370,370,0,184,113,231,201,96,222,0,1060,0.0697,0.1611,0.7692,0.2058,0.368,0.4262,36,1378,0,98,490243,0
2017-11-12,370,370,0,138,58,231,203,71,130,0,384,0.1214,0.2222,0.6564,0.39,0.2948,0.3152,15,585,0,98,490843,0
2017-11-13,372,372,0,191,149,233,202,275,2456,0,4053,0.0405,0.362,0.5974,0.0751,0.6809,0.244,102,6784,0,98,497729,0
2017-11-14,374,374,0,197,156,236,204,443,2391,0,4213,0.0629,0.3393,0.5978,0.1077,0.6429,0.2494,82,7047,0,100,504963,0
2017-11-15,276,271,5,218,173,244,207,789,2687,0,5151,0.0915,0.3115,0.5971,0.1422,0.6001,0.2577,113,8627,0,103,513779,0
2017-11-16,278,273,5,201,146,239,203,482,2099,0,5044,0.0632,0.2753,0.6615,0.1366,0.5742,0.2892,101,7625,0,103,521515,0
2017-11-17,281,276,5,197,147,241,204,460,1506,0,3706,0.0811,0.2655,0.6534,0.1616,0.54,0.2983,86,5672,0,104,527281,0
2017-11-18,283,278,5,176,100,238,199,116,619,0,927,0.0698,0.3724,0.5578,0.1506,0.6462,0.2032,34,1662,0,104,528990,1
2017-11-19,283,278,5,124,45,238,195,68,7,0,114,0.3598,0.037,0.6032,0.7084,0.0926,0.199,9,189,0,104,529193,0
2017-11-20,287,282,5,152,64,239,192,189,105,0,504,0.2368,0.1316,0.6316,0.3993,0.2318,0.3689,22,798,0,104,530045,0
2017-11-21,287,284,3,156,70,240,193,56,121,0,913,0.0514,0.111,0.8376,0.2463,0.2209,0.5328,14,1090,0,104,531201,0
2017-11-22,290,285,5,168,70,238,187,134,79,0,957,0.1145,0.0675,0.8179,0.377,0.1035,0.5195,18,1170,0,104,532429,0
2017-11-23,290,285,5,132,59,234,176,157,61,0,335,0.2839,0.1103,0.6058,0.4991,0.1741,0.3267,14,553,0,104,533005,0
2017-11-24,291,286,5,138,41,231,159,41,8,0,562,0.0671,0.0131,0.9198,0.3108,0.0721,0.6171,6,611,0,104,533627,0
2017-11-25,291,286,5,123,41,221,133,132,17,0,100,0.5301,0.0683,0.4016,0.7378,0.1197,0.1425,4,249,0,104,533887,0
2017-11-26,291,286,5,131,50,217,136,160,16,0,511,0.2329,0.0233,0.7438,0.4995,0.0764,0.4241,7,687,0,105,534605,1
2017-11-27,293,288,5,202,155,228,190,413,1487,0,4117,0.0686,0.2471,0.6842,0.1275,0.5697,0.3027,50,6017,0,109,540735,0
2017-11-28,295,289,6,202,144,234,194,708,1233,0,2888,0.1466,0.2553,0.5981,0.1996,0.5589,0.2415,63,4829,0,110,545666,1
2017-11-29,298,292,6,213,144,236,189,681,1564,0,3539,0.1177,0.2704,0.6119,0.1584,0.5959,0.2456,79,5784,0,111,551524,6
2017-11-30,300,294,6,220,157,242,200,964,1835,0,3604,0.1506,0.2866,0.5629,0.2183,0.5495,0.2321,65,6403,0,111,558015,0
2017-12-01,304,298,6,213,159,247,212,727,1341,0,3462,0.1315,0.2425,0.626,0.256,0.4364,0.3076,102,5530,0,112,563706,0
2017-12-02,305,299,6,200,107,249,213,173,279,0,1799,0.0769,0.1239,0.7992,0.2374,0.3008,0.4618,23,2251,0,112,565976,0
2017-12-03,305,299,6,154,57,250,211,61,53,0,748,0.0708,0.0615,0.8677,0.3423,0.1188,0.5389,14,862,0,112,566849,2
2017-12-04,306,300,6,222,185,253,220,951,2759,0,4743,0.1125,0.3264,0.5611,0.1936,0.5746,0.2318,108,8453,0,112,575436,0
2017-12-05,308,302,6,220,175,257,222,576,2909,0,5361,0.0651,0.3288,0.606,0.1061,0.6376,0.2564,103,8846,0,112,584440,0
2017-12-06,311,305,6,224,178,260,228,581,3056,0,5272,0.0652,0.343,0.5918,0.1258,0.6161,0.2581,166,8909,0,113,593606,2
2017-12-07,316,310,6,223,170,260,223,362,3241,0,4708,0.0436,0.39,0.5665,0.0912,0.6807,0.2281,121,8311,0,113,602073,0
2017-12-08,318,312,6,214,163,259,220,314,2309,0,4242,0.0457,0.3363,0.6179,0.0959,0.6378,0.2663,114,6865,0,113,609095,0
2017-12-09,319,313,6,210,116,264,221,202,538,0,1819,0.0789,0.2102,0.7108,0.2314,0.4355,0.333,29,2559,0,116,611699,0
2017-12-10,320,314,6,163,64,264,220,59,128,0,890,0.0548,0.1188,0.8264,0.215,0.2562,0.5288,29,1077,0,116,612797,0
2017-12-11,321,315,6,219,165,258,215,288,3394,0,4244,0.0363,0.4282,0.5355,0.0597,0.7422,0.1981,96,7926,0,116,620812,0
2017-12-12,323,317,6,222,170,259,213,615,2772,0,4059,0.0826,0.3723,0.5451,0.1376,0.6557,0.2068,66,7446,0,117,628409,0
2017-12-13,327,321,6,238,189,261,214,830,4124,0,5357,0.0805,0.4,0.5195,0.2074,0.6088,0.1838,136,10311,0,118,638866,1
2017-12-14,335,329,6,237,174,268,218,800,2296,0,3974,0.1132,0.3248,0.5621,0.2082,0.5553,0.2365,90,7070,0,120,646092,1
2017-12-15,336,330,6,229,161,273,221,262,1755,0,4863,0.0381,0.2551,0.7068,0.1194,0.5269,0.3537,72,6880,0,120,653106,4
2017-12-16,338,332,6,208,90,273,225,75,219,0,1110,0.0534,0.156,0.7906,0.2426,0.3145,0.4429,16,1404,0,120,654522,0
2017-12-17,339,333,6,170,63,273,225,59,79,0,520,0.0897,0.1201,0.7903,0.3603,0.1705,0.4693,14,658,0,121,655212,0
2017-12-18,341,335,6,237,173,279,228,352,2146,0,4091,0.0534,0.3257,0.6209,0.1293,0.6148,0.2559,102,6589,0,121,661915,0
2017-12-19,345,339,6,231,180,284,232,765,1794,0,5326,0.097,0.2275,0.6755,0.1824,0.5069,0.3107,101,7885,0,122,669934,0
2017-12-20,360,354,6,247,183,285,231,733,1782,0,4182,0.1095,0.2661,0.6245,0.2245,0.5126,0.2629,106,6697,0,125,676767,0
2017-12-21,364,358,6,240,182,286,232,471,2059,0,3263,0.0813,0.3554,0.5633,0.1319,0.6381,0.23,71,5793,0,126,682734,0
2017-12-22,371,365,6,241,162,291,236,559,942,0,2868,0.1279,0.2156,0.6564,0.3262,0.3605,0.3133,61,4369,0,127,687260,2
2017-12-23,374,368,6,218,96,295,237,201,57,0,610,0.2316,0.0657,0.7028,0.466,0.1691,0.3649,9,868,0,128,688161,0
2017-12-24,368,368,0,146,39,295,237,61,16,0,176,0.2411,0.0632,0.6957,0.5713,0.1241,0.3046,0,253,0,128,688421,0
2017-12-25,369,369,0,165,53,289,232,37,28,0,189,0.1457,0.1102,0.7441,0.525,0.1943,0.2807,6,254,0,128,688686,0
2017-12-26,370,370,0,176,62,287,228,56,58,0,362,0.1176,0.1218,0.7605,0.3586,0.2505,0.391,2,476,0,128,689183,0
2017-12-27,373,373,0,187,77,283,218,100,127,0,849,0.0929,0.118,0.789,0.3141,0.188,0.498,18,1076,0,128,690292,0
2017-12-28,374,374,0,183,83,286,204,64,41,0,789,0.0716,0.0459,0.8826,0.3313,0.1337,0.535,7,894,0,128,691204,0
2017-12-29,379,379,0,172,56,284,166,80,26,0,501,0.1318,0.0428,0.8254,0.4205,0.1057,0.4739,6,607,0,128,691833,0
2017-12-30,384,384,0,159,56,278,155,149,17,0,415,0.2565,0.0293,0.7143,0.5498,0.069,0.3811,24,581,0,128,692450,0
2017-12-31,384,384,0,150,65,276,157,214,42,0,956,0.1766,0.0347,0.7888,0.3774,0.0488,0.5738,13,1212,0,128,693684,0
2018-01-01,385,385,0,181,62,279,159,36,68,0,579,0.0527,0.0996,0.8477,0.3337,0.1713,0.495,10,683,0,128,694394,0
2018-01-02,388,388,0,210,81,284,166,91,93,0,1124,0.0696,0.0711,0.8593,0.2816,0.1723,0.5461,9,1308,0,128,695769,0
2018-01-03,395,395,0,242,121,293,189,239,366,0,1665,0.1053,0.1612,0.7335,0.3112,0.307,0.3818,20,2270,0,130,698144,0
2018-01-04,398,398,0,264,185,301,225,1881,433,0,7893,0.1843,0.0424,0.7733,0.3311,0.0739,0.595,107,10207,0,142,708751,11
2018-01-05,406,406,0,282,201,314,244,3618,875,0,8605,0.2762,0.0668,0.657,0.6175,0.0594,0.323,166,13098,0,144,722301,112
2018-01-06,408,408,0,245,131,318,246,810,156,0,1655,0.309,0.0595,0.6314,0.66,0.0822,0.2577,36,2621,0,144,724983,0
2018-01-07,411,411,0,210,82,322,246,188,83,0,741,0.1858,0.082,0.7322,0.4592,0.1411,0.3997,13,1012,0,144,726056,0
2018-01-08,418,418,0,283,225,337,274,1270,3158,0,4529,0.1418,0.3526,0.5056,0.2871,0.5623,0.1506,86,8957,0,143,735167,1
2018-01-09,418,418,0,284,230,338,279,1523,3061,0,5950,0.1446,0.2906,0.5648,0.2736,0.5232,0.2032,136,10534,0,142,745783,0
2018-01-10,420,420,0,278,237,342,283,1777,2868,0,6056,0.1661,0.268,0.5659,0.2198,0.5561,0.2241,122,10701,0,138,756690,4
2018-01-11,422,422,0,284,233,341,282,991,2883,0,6188,0.0985,0.2865,0.615,0.1511,0.5973,0.2516,196,10062,0,141,762379,1
2018-01-12,424,424,0,275,214,332,276,998,2098,0,5946,0.1104,0.232,0.6576,0.2625,0.457,0.2805,118,9042,0,142,771526,1
2018-01-13,426,426,0,246,152,330,275,266,717,0,2191,0.0838,0.2259,0.6903,0.1648,0.5106,0.3246,40,3174,0,142,774815,0
2018-01-14,426,426,0,206,79,326,273,207,75,0,384,0.3108,0.1126,0.5766,0.508,0.238,0.254,14,666,0,142,775495,0
2018-01-15,429,429,0,253,142,327,273,262,249,0,1467,0.1325,0.1259,0.7417,0.4153,0.2349,0.3498,36,1978,0,142,777543,2
2018-01-16,431,431,0,286,222,330,276,585,3662,0,7304,0.0506,0.317,0.6323,0.125,0.6132,0.2618,137,11551,0,142,789310,0
2018-01-17,437,437,0,292,222,338,275,799,2758,0,5995,0.0836,0.2887,0.6276,0.1613,0.5634,0.2753,174,9552,0,142,799064,0
2018-01-18,436,436,0,295,232,337,279,1158,3099,0,7596,0.0977,0.2615,0.6409,0.1871,0.5189,0.2941,210,11853,0,145,811240,1
2018-01-19,440,440,0,274,221,336,280,611,2776,0,7652,0.0553,0.2515,0.6932,0.1084,0.5527,0.3389,174,11039,0,146,822473,0
2018-01-20,441,441,0,257,135,338,281,483,696,0,1827,0.1607,0.2315,0.6078,0.2335,0.4236,0.3429,92,3006,0,147,825631,0
2018-01-21,441,441,0,210,90,335,282,116,120,0,733,0.1197,0.1238,0.7564,0.3023,0.2509,0.4467,16,969,0,147,826627,0
2018-01-22,444,444,0,275,214,337,286,617,3717,0,5499,0.0627,0.378,0.5592,0.113,0.6813,0.2057,122,9833,0,147,836571,0
2018-01-23,449,449,0,289,220,338,285,615,3290,0,5967,0.0623,0.3333,0.6044,0.1423,0.5888,0.2689,130,9872,0,148,846641,0
2018-01-24,457,457,0,286,234,342,291,693,3493,0,7872,0.0575,0.2897,0.6528,0.134,0.5574,0.3086,152,12058,0,148,858904,8
2018-01-25,469,469,0,294,216,347,288,452,3127,0,7581,0.0405,0.2802,0.6793,0.103,0.548,0.3491,161,11160,0,147,870389,1
2018-01-26,472,472,0,285,205,351,286,419,2435,0,5752,0.0487,0.2829,0.6684,0.1089,0.5712,0.3198,108,8606,0,147,879346,0
2018-01-27,478,478,0,259,157,352,291,302,1107,0,2204,0.0836,0.3064,0.61,0.1867,0.5225,0.2908,26,3613,0,148,883134,0
2018-01-28,481,481,0,231,88,356,292,164,63,0,1241,0.1117,0.0429,0.8454,0.3348,0.1354,0.5298,24,1468,0,148,884649,0
2018-01-29,485,485,0,292,218,358,292,1835,2891,0,7663,0.1481,0.2334,0.6185,0.3474,0.3729,0.2797,128,12389,0,150,897366,2
2018-01-30,495,495,0,325,240,366,302,2103,2462,0,8759,0.1578,0.1848,0.6574,0.4145,0.2839,0.3016,164,13324,0,152,911194,2
2018-01-31,502,502,0,309,235,374,301,1572,2202,0,7501,0.1394,0.1953,0.6653,0.3297,0.3239,0.3464,166,11275,0,152,923040,2
2018-02-01,511,511,0,307,223,376,299,1290,2366,0,7384,0.1168,0.2143,0.6688,0.315,0.3508,0.3342,182,11040,0,152,934686,2
2018-02-02,516,516,0,325,252,388,317,1291,1874,0,6398,0.135,0.196,0.669,0.4006,0.3159,0.2834,101,9563,0,157,944733,18
2018-02-03,519,519,0,322,183,391,323,556,661,0,2118,0.1667,0.1982,0.6351,0.4941,0.2719,0.234,30,3335,0,157,948262,2
2018-02-04,518,518,0,268,138,391,323,283,215,0,791,0.2196,0.1668,0.6137,0.5064,0.2484,0.2452,23,1289,0,157,949628,4
2018-02-05,511,511,0,346,276,401,336,1145,4105,0,8334,0.0843,0.3022,0.6135,0.1679,0.6116,0.2205,179,13584,0,161,963928,50
2018-02-06,513,513,0,347,290,399,342,1168,3681,0,10670,0.0753,0.2372,0.6875,0.1405,0.5465,0.313,197,15519,0,163,963933,29
2018-02-07,515,515,0,339,285,394,337,935,3555,0,10217,0.0636,0.2417,0.6947,0.1258,0.5545,0.3197,201,14707,0,164,979191,34
2018-02-08,512,512,0,367,286,400,339,892,3539,0,8909,0.0669,0.2653,0.6678,0.1646,0.5483,0.2872,178,13340,0,165,993152,30
2018-02-09,514,514,0,352,273,403,338,723,2730,0,10207,0.0529,0.1999,0.7472,0.1832,0.4595,0.3573,214,13660,0,166,1007315,19
2018-02-10,515,515,0,319,178,406,338,196,376,0,2041,0.075,0.1439,0.7811,0.1968,0.3462,0.457,51,2613,0,166,1010084,2
2018-02-11,515,515,0,252,91,403,336,130,82,0,786,0.1303,0.0822,0.7876,0.3117,0.2232,0.4651,17,998,0,167,1011149,2
2018-02-12,521,521,0,334,266,404,333,620,3418,0,7674,0.0529,0.2918,0.6552,0.1131,0.6049,0.282,102,11712,0,167,1023245,28
2018-02-13,525,525,0,355,279,406,333,768,3398,0,9485,0.0563,0.2489,0.6948,0.1083,0.5637,0.328,199,13651,0,168,1037511,26
2018-02-14,526,526,0,337,286,401,332,881,3045,0,8716,0.0697,0.2409,0.6894,0.1337,0.5317,0.3346,157,12642,0,169,1050733,18
2018-02-15,533,533,0,367,283,406,335,559,2570,0,7374,0.0532,0.2447,0.7021,0.1297,0.5459,0.3245,131,10503,0,171,1061787,16
2018-02-16,541,541,0,354,283,410,337,680,1949,0,7935,0.0644,0.1845,0.7511,0.2385,0.3857,0.3758,136,10564,0,172,1072847,27
2018-02-17,542,542,0,349,176,411,339,217,526,0,1916,0.0816,0.1978,0.7206,0.243,0.4011,0.3559,51,2659,0,187,1075671,0
2018-02-18,542,542,0,238,89,413,344,76,60,0,1403,0.0494,0.039,0.9116,0.2134,0.1489,0.6376,26,1539,0,187,1077242,0
2018-02-19,545,545,0,287,134,414,342,226,137,0,1518,0.1201,0.0728,0.807,0.4029,0.1722,0.4249,33,1881,0,187,1079110,0
2018-02-20,548,548,0,356,270,415,340,413,3531,0,9862,0.0299,0.2558,0.7143,0.0753,0.6014,0.3234,164,13806,0,186,1093577,16
2018-02-21,549,549,0,366,277,416,338,619,3476,0,12715,0.0368,0.2068,0.7564,0.09,0.5244,0.3857,155,16810,0,186,1111038,7
2018-02-22,551,551,0,380,283,417,335,556,3480,0,11069,0.0368,0.2304,0.7328,0.1289,0.5258,0.3453,175,15105,0,185,1126779,20
2018-02-23,555,555,0,371,284,421,329,753,3509,0,13670,0.042,0.1957,0.7623,0.1227,0.4376,0.4398,208,17932,0,184,1145445,32
2018-02-24,557,557,0,353,214,424,332,134,563,0,4154,0.0276,0.1161,0.8563,0.1543,0.3419,0.5038,66,4851,0,184,1150579,8
2018-02-25,559,559,0,264,110,425,333,119,50,0,2138,0.0516,0.0217,0.9267,0.2152,0.1311,0.6537,47,2307,0,184,1152952,4
2018-02-26,559,559,0,368,266,427,337,445,3706,0,9636,0.0323,0.2688,0.6989,0.0807,0.6064,0.313,166,13787,0,184,1167320,18
2018-02-27,569,569,0,363,281,436,345,374,2838,0,10618,0.027,0.2052,0.7678,0.0903,0.5027,0.407,171,13830,0,185,1181770,14
2018-02-28,576,576,0,365,281,445,354,451,2668,0,10038,0.0343,0.2028,0.7629,0.0896,0.5027,0.4077,177,13157,0,184,1195571,27
2018-03-01,592,592,0,384,309,461,368,553,2831,0,11990,0.036,0.1841,0.7799,0.1145,0.4366,0.4489,185,15374,0,186,1211677,31
2018-03-02,602,602,0,414,319,475,373,531,2868,0,12008,0.0345,0.1861,0.7794,0.0999,0.4478,0.4523,200,15407,0,191,1227865,22
2018-03-03,607,607,0,364,214,478,377,219,609,0,3433,0.0514,0.1429,0.8057,0.159,0.3846,0.4564,40,4261,0,192,1232335,36
2018-03-04,610,610,0,299,127,482,381,102,140,0,1788,0.0502,0.069,0.8808,0.1816,0.1922,0.6262,12,2030,0,192,1234410,0
2018-03-05,606,606,0,413,329,479,393,571,5312,0,11422,0.033,0.307,0.66,0.1023,0.6158,0.2819,262,17305,0,194,1252625,38
2018-03-06,608,608,0,422,341,479,392,659,4676,0,12363,0.0372,0.2642,0.6986,0.1046,0.5706,0.3248,251,17698,0,194,1271164,46
2018-03-07,614,614,0,400,342,480,395,789,5348,0,12351,0.0427,0.2893,0.6681,0.1065,0.5808,0.3127,303,18488,0,195,1290610,48
2018-03-08,615,615,0,424,338,485,396,789,5192,0,11826,0.0443,0.2916,0.6641,0.1266,0.5704,0.303,306,17807,0,195,1309235,45
2018-03-09,622,622,0,426,334,488,395,1097,5199,0,13737,0.0548,0.2595,0.6857,0.1733,0.4824,0.3443,239,20033,0,195,1326037,22
2018-03-10,623,623,0,385,211,492,397,139,429,0,2525,0.0449,0.1387,0.8164,0.2164,0.3055,0.4781,38,3093,0,196,1328895,3
2018-03-11,624,624,0,289,114,493,399,96,328,0,1595,0.0475,0.1625,0.79,0.2085,0.2727,0.5188,28,2019,0,196,1330838,6
2018-03-12,625,625,0,412,317,495,395,683,4385,0,12634,0.0386,0.2477,0.7137,0.0855,0.5607,0.3539,200,17702,0,202,1349210,9
2018-03-13,637,637,0,450,329,502,392,1156,3845,0,12210,0.0672,0.2234,0.7094,0.148,0.4937,0.3583,204,17211,0,207,1367711,20
2018-03-14,643,643,0,451,337,510,395,838,3703,0,11295,0.0529,0.2338,0.7132,0.1434,0.5158,0.3408,171,15836,0,207,1384101,16
2018-03-15,648,648,0,406,320,509,396,785,4146,0,11745,0.0471,0.2486,0.7043,0.1032,0.5243,0.3725,178,16676,0,210,1401657,23
2018-03-16,656,656,0,444,331,516,395,556,3605,0,9728,0.04,0.2596,0.7004,0.1348,0.5161,0.3491,114,13889,0,209,1416229,15
2018-03-17,662,662,0,364,162,518,395,77,186,0,1479,0.0442,0.1068,0.849,0.227,0.2664,0.5066,50,1742,0,212,1418154,1
2018-03-18,665,665,0,289,114,524,399,123,227,0,1742,0.0588,0.1085,0.8327,0.184,0.198,0.618,41,2092,0,212,1420337,0
2018-03-19,666,666,0,450,335,525,404,560,4830,0,10649,0.0349,0.3011,0.6639,0.0885,0.5992,0.3123,151,16039,0,213,1437323,14
2018-03-20,674,674,0,430,346,526,410,564,4903,0,12722,0.031,0.2696,0.6994,0.0898,0.5413,0.3689,207,18189,0,214,1453694,23
2018-03-21,681,681,0,431,337,528,406,754,4863,0,11976,0.0429,0.2764,0.6807,0.1007,0.5447,0.3546,228,17593,0,215,1471242,28
2018-03-22,687,687,0,460,335,530,409,657,6086,0,12151,0.0348,0.3221,0.6431,0.0884,0.5904,0.3212,215,18894,0,215,1490657,22
2018-03-23,689,689,0,458,337,531,417,633,3434,0,11684,0.0402,0.218,0.7418,0.1161,0.4739,0.4101,158,15751,0,217,1506678,14
2018-03-24,693,693,0,359,185,538,419,163,289,0,2453,0.0561,0.0995,0.8444,0.1799,0.2587,0.5614,24,2905,0,218,1508622,2
2018-03-25,693,693,0,306,114,532,417,84,84,0,1445,0.0521,0.0521,0.8958,0.2137,0.1675,0.6188,19,1613,0,219,1510008,0
2018-03-26,699,699,0,459,329,536,417,784,4652,0,11159,0.0472,0.2803,0.6724,0.0955,0.5705,0.334,189,16595,0,227,1527227,8
2018-03-27,713,713,0,470,345,550,417,831,3979,0,13100,0.0464,0.2222,0.7314,0.1285,0.4636,0.4079,221,17910,0,228,1546518,24
2018-03-28,717,717,0,439,336,553,415,660,4201,0,13049,0.0369,0.2346,0.7286,0.1062,0.4697,0.4242,175,17910,0,228,1567924,8
2018-03-29,716,716,0,474,331,555,417,674,3371,0,12076,0.0418,0.2091,0.7491,0.1078,0.4687,0.4235,158,16121,0,228,1586001,0
2018-03-30,713,713,0,464,369,560,435,757,3564,0,11897,0.0467,0.2198,0.7336,0.1391,0.4478,0.4131,217,16218,0,228,1602833,0
2018-03-31,720,720,0,400,194,567,443,78,657,0,3784,0.0173,0.1454,0.8374,0.1377,0.246,0.6164,93,4519,0,229,1607344,0
2018-04-01,722,722,0,336,134,568,449,61,97,0,2279,0.025,0.0398,0.9352,0.1999,0.1722,0.6279,36,2437,0,230,1609333,0
2018-04-02,725,725,0,483,407,564,475,806,5363,0,13377,0.0412,0.2744,0.6844,0.0938,0.5771,0.329,196,19546,0,234,1627252,1
2018-04-03,725,725,0,486,413,562,477,878,6144,0,13389,0.043,0.301,0.656,0.0848,0.5936,0.3216,214,20411,0,238,1648122,3
2018-04-04,726,726,0,473,406,556,474,766,5291,0,11693,0.0432,0.2981,0.6588,0.09,0.5842,0.3258,222,17750,0,238,1666054,1
2018-04-05,727,727,0,498,408,555,478,885,5361,0,13194,0.0455,0.2758,0.6787,0.1005,0.5341,0.3654,256,19440,0,240,1685232,4
2018-04-06,727,727,0,496,402,557,477,654,4681,0,13366,0.035,0.2503,0.7147,0.1011,0.4936,0.4053,194,18701,0,240,1703838,3
2018-04-07,727,727,0,404,189,558,473,124,264,0,1762,0.0577,0.1228,0.8195,0.2328,0.2894,0.4778,43,2150,0,240,1704676,0
2018-04-08,727,727,0,338,150,556,472,176,184,0,1114,0.1194,0.1248,0.7558,0.3683,0.2167,0.415,23,1474,0,241,1705657,1
2018-04-09,729,729,0,446,379,558,461,607,4024,0,11142,0.0385,0.2551,0.7064,0.0927,0.5594,0.3479,178,15773,0,244,1722191,1
2018-04-10,736,736,0,512,412,559,469,625,4489,0,14415,0.032,0.2299,0.7381,0.0958,0.5179,0.3863,226,19529,0,253,1742810,2
2018-04-11,737,737,0,483,406,565,471,716,4703,0,13137,0.0386,0.2534,0.708,0.106,0.5231,0.3709,240,18556,0,255,1762159,16
2018-04-12,737,737,0,474,400,564,468,534,5167,0,12094,0.03,0.2904,0.6796,0.0785,0.5664,0.3551,225,17795,0,256,1778331,1
2018-04-13,740,740,0,476,390,562,465,693,3779,0,12564,0.0407,0.2218,0.7375,0.1159,0.4853,0.3988,245,17036,0,256,1796066,3
2018-04-14,742,742,0,395,197,565,468,190,257,0,2647,0.0614,0.0831,0.8555,0.2321,0.2182,0.5497,63,3094,0,256,1798548,0
2018-04-15,742,742,0,346,126,568,469,103,202,0,1259,0.0659,0.1292,0.805,0.2388,0.256,0.5052,46,1564,0,258,1800102,0
2018-04-16,746,746,0,467,385,565,472,617,4801,0,13588,0.0325,0.2526,0.7149,0.0792,0.5442,0.3766,227,19006,0,260,1819980,0
2018-04-17,760,760,0,497,409,556,470,667,5411,0,13601,0.0339,0.275,0.6911,0.081,0.5456,0.3734,216,19679,0,261,1840629,2
2018-04-18,769,769,0,482,413,554,473,797,4470,0,13847,0.0417,0.2339,0.7244,0.1206,0.4905,0.3889,251,19114,0,261,1860197,0
2018-04-19,774,774,0,521,417,574,482,666,5622,0,15155,0.0311,0.2622,0.7068,0.1151,0.525,0.3599,288,21443,0,261,1881051,1
2018-04-20,779,779,0,486,398,575,489,301,3567,0,13819,0.017,0.2017,0.7813,0.0815,0.4653,0.4531,202,17687,0,263,1877830,1
2018-04-21,781,781,0,393,194,574,486,115,477,0,2423,0.0381,0.1582,0.8036,0.229,0.2699,0.5012,53,3015,0,263,1876233,0
2018-04-22,780,780,0,333,141,575,485,61,178,0,1525,0.0346,0.1009,0.8645,0.2117,0.1972,0.5911,35,1764,0,263,1877132,0
2018-04-23,782,782,0,516,400,583,485,628,3524,0,11801,0.0394,0.2209,0.7397,0.1254,0.4873,0.3873,238,15953,0,265,1895224,1
2018-04-24,787,787,0,501,403,581,483,653,3441,0,12123,0.0403,0.2122,0.7475,0.1224,0.4807,0.3969,233,16217,0,267,1912328,2
2018-04-25,789,789,0,498,398,589,484,515,3330,0,13166,0.0303,0.1958,0.774,0.1107,0.4492,0.4401,199,17011,0,269,1929927,0
2018-04-26,792,792,0,493,378,587,474,573,3565,0,10793,0.0384,0.2388,0.7229,0.107,0.4964,0.3966,192,14931,0,269,1945357,0
2018-04-27,802,802,0,498,380,595,473,577,3167,0,11316,0.0383,0.2103,0.7514,0.149,0.4626,0.3884,182,15060,0,269,1960644,2
2018-04-28,803,803,0,428,197,597,475,89,489,0,2045,0.0339,0.1864,0.7796,0.1684,0.3207,0.511,48,2623,0,270,1963186,0
2018-04-29,803,803,0,329,124,596,477,100,133,0,1380,0.062,0.0825,0.8555,0.2469,0.1614,0.5917,48,1613,0,271,1964768,0
2018-04-30,803,803,0,530,378,602,480,497,4731,0,10671,0.0313,0.2976,0.6712,0.1008,0.5635,0.3357,216,15899,0,275,1981615,0
2018-05-01,810,810,0,534,395,606,486,600,3908,0,11089,0.0385,0.2506,0.711,0.1138,0.518,0.3683,223,15597,0,274,1999017,0
2018-05-02,812,812,0,517,414,607,496,922,4346,0,12297,0.0525,0.2474,0.7001,0.1801,0.4579,0.362,241,17565,0,276,2017456,4
2018-05-03,815,815,0,518,389,605,492,455,3965,0,12157,0.0274,0.2392,0.7334,0.1039,0.5111,0.385,238,16577,0,277,2034989,2
2018-05-04,818,818,0,525,393,616,505,489,3110,0,14026,0.0277,0.1765,0.7958,0.1397,0.412,0.4483,246,17625,0,276,2053116,1
2018-05-05,816,816,0,439,227,614,509,109,344,0,3119,0.0305,0.0963,0.8732,0.2009,0.243,0.556,48,3572,0,277,2056409,0
2018-05-06,816,816,0,362,137,616,509,72,128,0,1173,0.0524,0.0932,0.8543,0.2497,0.2489,0.5014,36,1373,0,277,2057284,0
2018-05-07,816,816,0,525,425,619,522,777,4307,0,11457,0.047,0.2604,0.6926,0.1246,0.5551,0.3203,210,16541,0,279,2074925,1
2018-05-08,819,819,0,556,443,614,524,788,5548,0,12289,0.0423,0.2979,0.6598,0.1271,0.5814,0.2915,234,18625,0,276,2094896,0
2018-05-09,822,822,0,563,436,624,512,679,5051,0,11950,0.0384,0.2857,0.6759,0.1278,0.5496,0.3225,220,17680,0,276,2112669,1
2018-05-10,827,827,0,568,435,629,522,1053,4508,0,12150,0.0595,0.2545,0.686,0.1406,0.5634,0.296,233,17711,0,287,2131335,2
2018-05-11,826,826,0,527,428,634,521,564,3795,0,10544,0.0378,0.2546,0.7075,0.1596,0.4949,0.3455,152,14903,0,293,2146913,5
2018-05-12,826,826,0,426,202,631,524,181,333,0,2480,0.0605,0.1112,0.8283,0.2362,0.2505,0.5133,37,2994,0,295,2149891,0
2018-05-13,826,826,0,335,121,629,525,63,113,0,889,0.0592,0.1061,0.8347,0.331,0.1912,0.4778,21,1065,0,295,2150651,1
2018-05-14,830,830,0,507,419,630,524,814,4403,0,10384,0.0522,0.2822,0.6656,0.1186,0.5841,0.2973,162,15601,0,296,2167320,2
2018-05-15,838,838,0,529,431,635,526,688,3974,0,13226,0.0385,0.2222,0.7394,0.1484,0.51,0.3415,193,17888,0,298,2186262,2
2018-05-16,841,841,0,525,432,624,523,468,4533,0,13979,0.0247,0.2388,0.7365,0.0964,0.532,0.3716,166,18980,0,300,2206354,14
2018-05-17,842,842,0,563,410,623,513,623,4502,0,10999,0.0386,0.2792,0.6822,0.1149,0.5535,0.3317,184,16124,0,300,2224044,2
2018-05-18,849,849,0,532,419,626,512,395,3088,0,9810,0.0297,0.2323,0.738,0.1095,0.5169,0.3736,144,13293,0,302,2238338,3
2018-05-19,849,849,0,409,183,626,508,130,233,0,1906,0.0573,0.1027,0.84,0.2293,0.2313,0.5395,30,2269,0,303,2240594,0
2018-05-20,850,850,0,342,121,630,507,41,76,0,1176,0.0317,0.0588,0.9095,0.304,0.1711,0.525,30,1293,0,303,2241925,0
2018-05-21,853,853,0,514,400,637,513,508,4425,0,10938,0.032,0.2788,0.6892,0.092,0.5752,0.3329,130,15871,0,303,2258971,1
2018-05-22,858,858,0,518,395,638,507,573,3468,0,11643,0.0365,0.2211,0.7423,0.1066,0.4951,0.3983,159,15684,0,300,2276197,0
2018-05-23,863,863,0,573,425,647,505,882,3302,0,11025,0.058,0.2171,0.7249,0.1907,0.4837,0.3256,189,15209,0,303,2292697,2
2018-05-24,868,868,0,558,409,651,508,689,3267,0,10926,0.0463,0.2195,0.7342,0.1431,0.4751,0.3818,178,14882,0,302,2309008,0
2018-05-25,870,870,0,535,409,642,500,453,3650,0,10659,0.0307,0.2473,0.7221,0.1166,0.5267,0.3567,125,14762,0,302,2324991,0
2018-05-26,874,874,0,403,183,645,506,63,181,0,1416,0.038,0.109,0.853,0.2536,0.2426,0.5039,38,1660,0,304,2326796,0
2018-05-27,876,876,0,331,115,647,508,27,50,0,1117,0.0226,0.0419,0.9355,0.1931,0.1753,0.6316,12,1194,0,304,2327781,0
2018-05-28,877,877,0,406,154,647,501,47,233,0,1575,0.0253,0.1256,0.8491,0.1978,0.3069,0.4953,6,1855,0,304,2330112,1
2018-05-29,878,878,0,525,405,646,502,525,3448,0,9710,0.0384,0.252,0.7096,0.1126,0.5303,0.3571,120,13683,0,304,2345068,1
2018-05-30,887,887,0,575,430,647,508,1037,3408,0,13135,0.059,0.1939,0.7472,0.1985,0.4246,0.3769,124,17580,0,304,2364141,1
2018-05-31,896,896,0,582,428,647,525,890,3409,0,11332,0.0569,0.2181,0.725,0.1791,0.4544,0.3665,156,15631,0,310,2381906,6
2018-06-01,897,897,0,556,439,656,546,1027,3784,0,13320,0.0566,0.2087,0.7347,0.1913,0.4238,0.3849,231,18131,0,312,2399756,0
2018-06-02,898,898,0,455,204,654,545,371,273,0,2850,0.1062,0.0781,0.8157,0.4135,0.1627,0.4238,91,3494,0,312,2403203,2
2018-06-03,898,898,0,343,127,654,546,145,87,0,917,0.1262,0.0757,0.7981,0.4504,0.1414,0.4082,28,1149,0,313,2404273,0
2018-06-04,900,899,1,543,401,670,557,422,3806,0,11202,0.0273,0.2467,0.726,0.1024,0.5728,0.3248,224,15430,0,315,2420624,0
2018-06-05,900,899,1,560,407,676,562,451,3522,0,12140,0.028,0.2186,0.7534,0.1263,0.4868,0.3869,280,16113,0,316,2437832,1
2018-06-06,903,902,1,554,409,678,557,696,4100,0,14796,0.0355,0.2093,0.7552,0.1028,0.5077,0.3895,200,19592,0,320,2458368,5
2018-06-07,911,910,1,541,416,667,538,456,5254,0,13286,0.024,0.2766,0.6994,0.0812,0.5543,0.3644,265,18996,0,322,2478351,0
2018-06-08,911,909,2,590,414,676,548,389,4002,0,11446,0.0246,0.2527,0.7227,0.1733,0.4858,0.3409,252,15837,0,324,2494410,0
2018-06-09,912,910,2,466,227,676,546,165,490,0,2709,0.049,0.1457,0.8053,0.2398,0.2849,0.4753,58,3364,0,326,2497949,1
2018-06-10,915,913,2,400,172,680,546,84,180,0,2990,0.0258,0.0553,0.9189,0.2106,0.1702,0.6191,49,3254,0,326,2501388,0
2018-06-11,913,911,2,573,456,682,555,967,6063,0,15702,0.0425,0.2667,0.6907,0.1098,0.5735,0.3166,264,22732,0,333,2523649,0
2018-06-12,914,912,2,598,474,684,567,1068,5128,0,12696,0.0565,0.2714,0.672,0.1533,0.535,0.3117,256,18892,0,335,2543459,3
2018-06-13,915,913,2,603,467,686,568,1286,4559,0,14710,0.0626,0.2218,0.7156,0.2131,0.4475,0.3394,336,20555,0,337,2565074,1
2018-06-14,913,911,2,567,462,685,567,1046,4510,0,13925,0.0537,0.2315,0.7148,0.1626,0.4912,0.3463,318,19481,0,342,2585696,0
2018-06-15,912,910,2,592,465,688,564,872,3016,0,12830,0.0522,0.1804,0.7674,0.2377,0.3748,0.3875,282,16718,0,342,2603130,0
2018-06-16,913,911,2,520,234,687,562,266,274,0,2162,0.0984,0.1014,0.8001,0.4621,0.1724,0.3655,47,2702,0,342,2605971,1
2018-06-17,915,913,2,380,146,684,560,179,94,0,1680,0.0917,0.0481,0.8602,0.3734,0.1285,0.4981,44,1953,0,342,2607988,3
2018-06-18,919,917,2,554,446,678,561,813,4282,0,12753,0.0456,0.2399,0.7145,0.1164,0.5334,0.3502,253,17848,0,343,2626851,4
2018-06-19,924,922,2,567,459,681,559,1002,3903,0,12004,0.0593,0.2308,0.7099,0.1616,0.4997,0.3387,254,16909,0,347,138977,2
2018-06-20,936,934,2,589,459,687,554,826,3955,0,12598,0.0475,0.2276,0.7249,0.1617,0.5221,0.3162,261,17379,0,347,2663307,0
2018-06-21,942,940,2,610,439,703,558,779,3356,0,13363,0.0445,0.1918,0.7637,0.1579,0.5028,0.3393,257,17498,0,347,2681213,2
2018-06-22,950,948,2,600,450,703,561,468,3057,0,12972,0.0284,0.1853,0.7863,0.1487,0.4629,0.3884,200,16497,0,349,2698553,3
2018-06-23,952,950,2,533,222,699,564,197,165,0,3165,0.0559,0.0468,0.8974,0.3462,0.1862,0.4676,37,3527,0,349,2702208,0
2018-06-24,952,950,2,378,136,698,560,151,74,0,1902,0.071,0.0348,0.8942,0.292,0.1902,0.5179,25,2127,0,349,2704420,0
2018-06-25,957,955,2,589,439,711,562,728,3375,0,11501,0.0467,0.2163,0.7371,0.1767,0.5263,0.297,201,15604,0,350,2721009,1
2018-06-26,961,959,2,592,431,716,557,1007,3597,0,14371,0.0531,0.1896,0.7574,0.1623,0.5438,0.2939,320,18975,0,352,2741218,2
2018-06-27,966,963,3,626,429,725,550,963,2953,0,11994,0.0605,0.1856,0.7539,0.2169,0.489,0.2941,234,15910,0,351,2758043,1
2018-06-28,966,963,3,624,437,721,547,864,3122,0,12359,0.0529,0.191,0.7561,0.2133,0.5012,0.2855,224,16345,0,350,2775492,1
2018-06-29,968,965,3,611,455,718,544,781,3772,7,15484,0.039,0.1883,0.7728,0.2293,0.464,0.3067,238,20037,0,354,2796260,5
2018-06-30,969,966,3,485,245,715,543,231,374,3,3243,0.06,0.0972,0.8428,0.3337,0.1653,0.501,91,3848,0,354,2800279,1
2018-07-01,971,968,3,380,161,717,542,285,238,0,1607,0.1338,0.1117,0.7545,0.3756,0.1828,0.4417,30,2130,0,355,2802455,2
2018-07-02,972,969,3,509,291,717,538,474,1547,0,7316,0.0508,0.1657,0.7835,0.2895,0.2371,0.4734,147,9337,0,357,2812555,1
2018-07-03,978,975,3,505,284,719,537,931,2692,4,9802,0.0693,0.2005,0.7301,0.4166,0.2117,0.3717,285,13425,0,357,2826799,1
2018-07-04,980,977,3,430,177,714,531,135,182,0,1624,0.0696,0.0938,0.8367,0.3832,0.2308,0.3859,64,1941,0,358,2828923,0
2018-07-05,981,978,3,427,162,709,516,142,366,1,3291,0.0374,0.0963,0.8663,0.2701,0.2535,0.4764,75,3799,0,357,2833392,2
2018-07-06,983,980,3,452,184,684,419,181,484,0,3548,0.043,0.1149,0.8422,0.268,0.2735,0.4584,64,4213,0,357,2837902,0
2018-07-07,983,980,3,370,152,656,401,99,251,0,1473,0.0543,0.1377,0.808,0.3536,0.2483,0.3981,32,1823,0,357,2839852,1
2018-07-08,990,987,3,368,138,664,406,114,166,0,1801,0.0548,0.0798,0.8654,0.2949,0.2029,0.5021,34,2081,0,357,2841859,0
2018-07-09,991,988,3,582,432,695,495,586,4261,0,12520,0.0337,0.2454,0.7209,0.1342,0.6082,0.2577,263,17367,0,360,2860354,4
2018-07-10,993,990,3,650,445,716,517,916,3595,1,13673,0.0504,0.1977,0.7519,0.2265,0.5055,0.268,276,18184,0,360,2879642,2
2018-07-11,1000,996,4,594,439,726,530,1000,3326,0,13216,0.057,0.1896,0.7534,0.1886,0.5356,0.2759,244,17542,0,359,2898075,2
2018-07-12,1012,1009,3,616,451,755,551,874,3986,0,14801,0.0445,0.2027,0.7528,0.171,0.5535,0.2755,296,19661,0,360,2918936,3
2018-07-13,977,974,3,621,460,768,568,505,3364,0,15703,0.0258,0.1719,0.8023,0.1617,0.5056,0.3327,214,19572,0,362,2939368,0
2018-07-14,978,975,3,580,308,781,604,282,806,1,5463,0.043,0.123,0.8339,0.1837,0.4881,0.3281,83,6551,0,363,2946158,3
2018-07-15,979,976,3,457,196,785,615,281,178,2,2685,0.0894,0.0566,0.854,0.3712,0.2281,0.4007,22,3144,0,363,2949196,0
2018-07-16,987,983,4,631,473,788,629,594,5157,1,12226,0.033,0.2869,0.6801,0.1504,0.6529,0.1967,255,17977,0,364,2968224,0
2018-07-17,990,985,5,663,509,783,640,853,5637,0,15697,0.0384,0.2541,0.7075,0.1076,0.6961,0.1963,293,22187,0,367,2991289,2
2018-07-18,997,992,5,678,533,786,649,1192,5013,0,12541,0.0636,0.2674,0.669,0.1602,0.6382,0.2016,292,18746,0,367,3010817,3
2018-07-19,997,992,5,694,534,789,662,582,6318,0,12698,0.0297,0.3224,0.6479,0.0936,0.7281,0.1782,294,19598,0,368,3031251,3
2018-07-20,1003,998,5,687,546,794,680,1161,3880,0,11416,0.0705,0.2358,0.6937,0.1701,0.6096,0.2203,260,16457,0,371,3048649,4
2018-07-21,1003,998,5,598,338,790,682,448,798,0,5562,0.0658,0.1172,0.817,0.2423,0.3634,0.3943,127,6808,0,372,3055744,0
2018-07-22,1004,999,5,481,229,784,680,207,261,0,3363,0.054,0.0681,0.8778,0.3384,0.212,0.4496,169,3831,0,375,3059713,0
2018-07-23,1008,1004,4,676,547,791,687,782,5375,0,14108,0.0386,0.2652,0.6962,0.1409,0.6468,0.2122,273,20265,0,373,3080705,0
2018-07-24,1011,1007,4,709,586,794,695,1009,5416,0,13533,0.0506,0.2714,0.6781,0.1552,0.6503,0.1945,377,19958,0,375,3101780,2
2018-07-25,1014,1010,4,695,575,792,692,1272,5388,0,15929,0.0563,0.2385,0.7052,0.1556,0.6077,0.2367,387,22589,0,376,3125324,1
2018-07-26,1014,1010,4,708,577,796,693,1228,6147,0,16780,0.0508,0.2545,0.6947,0.1623,0.6328,0.205,358,24155,0,377,3150632,3
2018-07-27,1012,1008,4,686,581,800,686,1359,4083,0,15245,0.0657,0.1974,0.7369,0.1711,0.5646,0.2643,328,20687,0,376,3172466,1
2018-07-28,1012,1008,4,568,288,795,686,631,553,0,3892,0.1243,0.1089,0.7667,0.3072,0.4228,0.27,47,5076,0,376,3177608,0
2018-07-29,1012,1008,4,451,168,793,687,120,137,0,1940,0.0546,0.0624,0.883,0.3045,0.2109,0.4846,27,2197,0,377,3179018,0
2018-07-30,1007,1003,4,692,507,792,691,780,4616,0,11823,0.0453,0.2681,0.6866,0.1554,0.6192,0.2254,278,17219,0,377,3196986,0
2018-07-31,1006,1002,4,700,593,786,686,1022,5760,0,15357,0.0462,0.2602,0.6937,0.1258,0.6655,0.2087,295,22139,0,377,3220082,3
2018-08-01,1007,1003,4,705,574,788,692,1266,4896,0,15987,0.0572,0.221,0.7218,0.1498,0.5892,0.2611,424,22149,0,377,3243273,0
2018-08-02,1008,1004,4,720,571,790,687,1187,5365,0,16046,0.0525,0.2374,0.7101,0.176,0.6081,0.2159,319,22598,0,384,3266751,2
2018-08-03,1008,1004,4,699,591,790,690,1162,3914,0,15289,0.0571,0.1922,0.7507,0.2023,0.5066,0.2911,322,20365,0,386,3288171,2
2018-08-04,1009,1005,4,574,303,791,688,365,626,0,4641,0.0648,0.1112,0.824,0.3088,0.2983,0.3929,118,5632,0,386,3294159,1
2018-08-05,1008,1004,4,467,193,792,687,212,255,0,1770,0.0948,0.114,0.7912,0.4189,0.2298,0.3513,53,2237,0,385,3296391,0
2018-08-06,1014,1010,4,713,507,804,689,820,4609,0,13848,0.0425,0.2391,0.7184,0.1665,0.5941,0.2393,281,19277,0,387,3316499,0
2018-08-07,1019,1015,4,739,589,813,688,1145,6108,0,15503,0.0503,0.2684,0.6813,0.1529,0.6493,0.1978,349,22756,0,389,3336772,1
2018-08-08,1024,1020,4,752,589,819,691,1091,4920,0,14227,0.0539,0.2431,0.703,0.1974,0.5777,0.225,438,20238,0,391,3358109,2
2018-08-09,1032,1028,4,719,587,825,699,1025,5435,0,13876,0.0504,0.2673,0.6823,0.1538,0.643,0.2032,404,20336,0,393,3379632,2
2018-08-10,1038,1034,4,685,577,826,708,1295,4470,0,13194,0.0683,0.2358,0.6959,0.2358,0.5222,0.242,332,18959,0,395,3399616,0
2018-08-11,1041,1037,4,619,325,827,708,368,894,0,3587,0.0759,0.1844,0.7397,0.2779,0.4444,0.2777,132,4849,0,395,3404809,0
2018-08-12,1041,1037,4,502,196,827,708,303,285,0,3197,0.0801,0.0753,0.8446,0.4041,0.1556,0.4403,86,3785,0,397,3408702,1
2018-08-13,1044,1040,4,683,487,832,712,642,6453,0,12134,0.0334,0.3356,0.631,0.1998,0.5651,0.2351,296,19229,0,398,3428810,1
2018-08-14,1051,1047,4,726,587,835,716,659,6064,0,15736,0.0293,0.27,0.7007,0.1151,0.6676,0.2173,314,22459,0,398,3452385,6
2018-08-15,1054,1050,4,747,599,828,715,1055,5359,0,14755,0.0498,0.2532,0.697,0.2007,0.5355,0.2638,415,21169,0,397,3473042,1
2018-08-16,1059,1055,4,720,591,826,710,856,5617,0,14968,0.0399,0.262,0.6981,0.1474,0.6141,0.2384,403,21441,0,398,3495663,1
2018-08-17,1065,1061,4,735,601,838,714,880,4995,0,15857,0.0405,0.2298,0.7297,0.2198,0.4933,0.2869,311,21732,0,400,3518667,7
2018-08-18,1069,1065,4,625,340,837,716,277,790,0,3420,0.0617,0.1761,0.7622,0.2926,0.4522,0.2553,90,4487,0,400,3523693,0
2018-08-19,1072,1068,4,489,178,844,717,161,514,0,1485,0.0745,0.238,0.6875,0.4247,0.2916,0.2837,42,2160,0,401,3526115,0
2018-08-20,1075,1071,4,748,550,850,728,397,4227,0,13017,0.0225,0.2396,0.7379,0.193,0.5135,0.2935,246,17641,0,403,3544742,2
2018-08-21,1085,1081,4,739,590,857,732,548,5767,0,14256,0.0266,0.2803,0.693,0.1273,0.6226,0.2501,288,20571,0,402,3566456,0
2018-08-22,1091,1088,3,757,589,868,737,1125,3792,0,16377,0.0528,0.1781,0.7691,0.2509,0.4207,0.3283,373,21294,0,400,3589789,3
2018-08-23,1103,1100,3,752,594,878,740,714,6139,0,16443,0.0306,0.2635,0.7058,0.1445,0.6058,0.2497,299,23296,0,400,3614316,23
2018-08-24,1103,1100,3,793,578,891,768,683,3384,0,13200,0.0396,0.196,0.7645,0.2436,0.4701,0.2863,282,17267,0,401,3632799,2
2018-08-25,1103,1100,3,663,331,889,771,287,825,0,3615,0.0607,0.1745,0.7648,0.3008,0.4372,0.262,66,4727,0,403,3637901,0
2018-08-26,1104,1101,3,536,188,895,773,107,324,0,2310,0.039,0.1182,0.8428,0.3847,0.2152,0.4001,74,2741,0,403,3640991,0
2018-08-27,1105,1102,3,762,609,888,787,1155,5672,0,13568,0.0566,0.2781,0.6653,0.2005,0.6066,0.1929,264,20395,0,404,3662628,1
2018-08-28,1106,1103,3,789,658,887,787,1285,6930,0,15748,0.0536,0.2892,0.6572,0.1698,0.6562,0.174,446,23963,0,406,3687995,0
2018-08-29,1103,1100,3,780,648,886,783,1374,6319,0,15382,0.0595,0.2738,0.6666,0.2393,0.5389,0.2218,384,23075,0,408,3712459,4
2018-08-30,1106,1103,3,801,659,889,779,976,5901,0,14221,0.0463,0.2797,0.674,0.1604,0.6538,0.1858,357,21098,0,410,3734890,3
2018-08-31,1110,1107,3,793,655,888,774,1280,4933,0,15014,0.0603,0.2324,0.7073,0.2563,0.4975,0.2462,378,21227,0,407,3757431,28
2018-09-01,1113,1110,3,658,335,892,776,312,555,0,3726,0.0679,0.1208,0.8112,0.4132,0.2426,0.3442,56,4593,0,407,3762447,0
2018-09-02,1113,1110,3,499,186,888,774,146,237,0,2719,0.0471,0.0764,0.8765,0.3964,0.1603,0.4433,34,3102,0,407,3764949,0
2018-09-03,1113,1110,3,601,231,885,764,231,708,0,2007,0.0784,0.2403,0.6813,0.4339,0.3401,0.226,84,2946,0,408,3768472,2
2018-09-04,1119,1116,3,758,599,887,767,747,4582,0,12796,0.0412,0.2528,0.706,0.1864,0.5788,0.2348,262,18125,0,408,3787712,2
2018-09-05,1122,1119,3,775,634,890,769,1590,5899,0,13893,0.0744,0.2759,0.6498,0.2324,0.5625,0.2051,361,21382,0,410,3810316,1
2018-09-06,1129,1126,3,836,663,900,777,1673,6342,0,16370,0.0686,0.2601,0.6713,0.2199,0.5859,0.1942,399,24385,0,410,3836231,2
2018-09-07,1129,1126,3,797,663,893,767,1030,5180,0,17348,0.0437,0.2199,0.7364,0.1874,0.5445,0.2681,365,23558,0,414,3861238,11
2018-09-08,1134,1131,3,671,362,894,774,257,918,0,5270,0.0399,0.1424,0.8177,0.2484,0.364,0.3876,124,6445,0,415,3868124,0
2018-09-09,1135,1132,3,573,266,896,781,150,609,0,2594,0.0447,0.1816,0.7736,0.3475,0.2896,0.3629,75,3353,0,415,3871563,0
2018-09-10,1135,1132,3,781,592,907,790,1226,6589,0,14535,0.0549,0.2948,0.6503,0.1883,0.5893,0.2224,380,22350,0,415,3895123,5
2018-09-11,1137,1134,3,809,671,908,792,1214,5696,0,15358,0.0545,0.2558,0.6897,0.1925,0.5488,0.2587,372,22268,0,415,3918641,2
2018-09-12,1139,1136,3,830,646,918,796,1407,5239,0,15401,0.0638,0.2376,0.6986,0.2428,0.5124,0.2447,435,22047,0,414,3942045,1
2018-09-13,1143,1140,3,808,649,912,795,1031,5113,0,16262,0.046,0.2282,0.7258,0.1821,0.5607,0.2572,375,22406,0,414,3965602,2
2018-09-14,1155,1152,3,819,680,926,804,1200,5074,0,15907,0.0541,0.2288,0.7171,0.2309,0.51,0.2591,372,22181,0,414,3988966,6
2018-09-15,1163,1160,3,720,401,938,809,317,1913,0,5350,0.0418,0.2524,0.7058,0.2261,0.468,0.3059,123,7580,0,419,3996754,0
2018-09-16,1164,1161,3,557,239,938,811,166,423,0,2088,0.062,0.158,0.78,0.427,0.2547,0.3182,60,2677,0,420,3999502,0
2018-09-17,1166,1163,3,821,623,944,825,1133,3413,0,12717,0.0656,0.1977,0.7367,0.2412,0.4977,0.2611,317,17263,0,421,4017752,3
2018-09-18,1169,1166,3,843,696,948,827,1293,5195,0,14599,0.0613,0.2464,0.6923,0.1904,0.5834,0.2262,349,21087,0,423,4039963,4
2018-09-19,1172,1169,3,835,684,943,827,1734,5970,0,15862,0.0736,0.2533,0.6731,0.2201,0.5737,0.2062,469,23566,0,424,4064802,10
2018-09-20,1172,1169,3,845,687,940,821,1901,6015,0,17121,0.0759,0.2402,0.6838,0.2532,0.5127,0.2342,435,25037,0,426,4091153,4
2018-09-21,1176,1173,3,838,678,944,822,1163,5896,0,16969,0.0484,0.2454,0.7062,0.1869,0.5686,0.2445,332,24028,0,427,4116170,6
2018-09-22,1181,1178,3,746,393,950,822,601,1313,0,5496,0.0811,0.1772,0.7417,0.3252,0.3921,0.2826,143,7410,0,430,4123824,3
2018-09-23,1185,1182,3,570,231,951,827,170,678,0,1874,0.0625,0.2491,0.6885,0.4202,0.2378,0.342,55,2722,0,430,4126562,1
2018-09-24,1185,1182,3,876,579,964,822,746,3036,0,14027,0.0419,0.1705,0.7876,0.2373,0.4336,0.3292,318,17809,0,430,4145571,8
2018-09-25,1192,1189,3,835,666,968,819,934,5158,0,15967,0.0423,0.2338,0.7238,0.1606,0.5644,0.275,364,22059,0,432,4168701,5
2018-09-26,1196,1193,3,832,656,966,812,1494,3749,0,16503,0.0687,0.1724,0.7589,0.2635,0.4049,0.3316,407,21746,0,436,4191587,6
2018-09-27,1198,1195,3,837,680,969,809,1183,6057,0,18775,0.0455,0.2328,0.7217,0.1623,0.5759,0.2618,420,26015,0,441,4218909,4
2018-09-28,1205,1201,4,831,604,972,839,1051,4098,0,13387,0.0567,0.2211,0.7222,0.2101,0.4845,0.3054,300,18536,0,446,4238313,8
2018-09-29,1210,1206,4,707,402,973,840,636,1132,0,5375,0.089,0.1585,0.7525,0.3216,0.346,0.3323,117,7143,0,447,4245781,0
2018-09-30,1210,1206,4,585,232,974,843,149,166,0,2799,0.0478,0.0533,0.8988,0.3899,0.1353,0.4747,58,3114,0,448,4248990,0
2018-10-01,1209,1205,4,823,650,964,844,1581,4802,0,14244,0.0766,0.2328,0.6906,0.2353,0.5519,0.2129,327,20627,0,449,4270592,12
2018-10-02,1217,1213,4,894,730,977,848,1544,5445,0,17332,0.0635,0.2239,0.7126,0.2335,0.5223,0.2442,496,24321,0,450,4296417,8
2018-10-03,1222,1218,4,908,732,984,853,1645,5163,0,16887,0.0694,0.2179,0.7127,0.2635,0.5148,0.2216,510,23695,0,452,4321502,9
2018-10-04,1229,1224,5,879,736,996,857,1998,5792,0,18237,0.0768,0.2225,0.7007,0.2599,0.4787,0.2614,561,26027,0,452,4349089,9
2018-10-05,1233,1228,5,898,711,1000,858,1736,5152,0,16889,0.073,0.2167,0.7103,0.3483,0.44,0.2116,400,23777,0,453,4374174,7
2018-10-06,1241,1236,5,755,437,1009,862,432,957,0,5378,0.0638,0.1414,0.7947,0.3372,0.328,0.3348,120,6767,0,455,4381327,0
2018-10-07,1242,1237,5,601,223,1007,862,201,417,0,2649,0.0615,0.1276,0.8108,0.4065,0.1783,0.4152,57,3267,0,455,4384580,2
2018-10-08,1248,1243,5,833,385,1015,866,353,503,0,5584,0.0548,0.0781,0.8671,0.4353,0.187,0.3777,84,6440,0,455,4391230,6
2018-10-09,1250,1245,5,897,640,1021,872,1439,4015,0,14679,0.0715,0.1994,0.7291,0.3093,0.4513,0.2394,424,20133,0,456,4412636,5
2018-10-10,1255,1250,5,898,717,1025,876,1430,5727,0,16312,0.0609,0.244,0.695,0.2541,0.4969,0.249,458,23469,0,457,4437575,6
2018-10-11,1263,1258,5,896,711,1024,873,1612,4861,0,19005,0.0633,0.1908,0.7459,0.2573,0.4883,0.2544,487,25478,0,457,4461400,6
2018-10-12,1268,1263,5,909,743,1022,879,1364,4497,0,21131,0.0505,0.1666,0.7829,0.2868,0.3969,0.3164,473,26992,0,459,4489719,10
2018-10-13,1268,1263,5,746,415,1019,879,629,1341,0,5820,0.0807,0.1721,0.7471,0.3251,0.318,0.3569,141,7790,0,460,4497955,3
2018-10-14,1269,1264,5,585,255,1019,881,228,492,0,2894,0.0631,0.1361,0.8008,0.3751,0.2047,0.4201,80,3614,0,462,4501600,0
2018-10-15,1270,1265,5,843,636,1018,888,1517,4496,0,12874,0.0803,0.238,0.6816,0.2796,0.4953,0.2251,338,18887,0,465,4521407,9
2018-10-16,1271,1266,5,887,710,1013,887,1177,3899,0,16375,0.0549,0.1818,0.7634,0.2626,0.4501,0.2872,400,21451,0,466,4544214,9
2018-10-17,1278,1273,5,884,702,1017,880,1409,5157,0,15563,0.0637,0.233,0.7033,0.2416,0.5307,0.2277,533,22129,0,467,4567761,10
2018-10-18,1283,1278,5,889,690,1009,879,1622,4865,0,19943,0.0614,0.1841,0.7546,0.2865,0.4094,0.3042,458,26430,0,469,4595488,7
2018-10-19,1286,1281,5,882,720,1010,878,1014,4143,0,18174,0.0435,0.1776,0.779,0.2343,0.4776,0.2881,374,23331,0,472,4620043,8
2018-10-20,1292,1287,5,750,419,1019,882,710,1233,0,5836,0.0913,0.1585,0.7502,0.3486,0.3382,0.3132,167,7779,0,475,4628344,0
2018-10-21,1295,1290,5,597,224,1027,884,310,270,0,2869,0.0899,0.0783,0.8318,0.4767,0.1279,0.3954,92,3449,0,466,4631879,1
2018-10-22,1296,1291,5,850,620,1026,890,1436,3354,0,13473,0.0786,0.1837,0.7377,0.3488,0.4106,0.2406,342,18263,0,468,4651137,8
2018-10-23,1301,1295,6,949,726,1044,897,1389,4874,0,17898,0.0575,0.2017,0.7408,0.2595,0.4964,0.2441,419,24161,0,471,4676653,11
2018-10-24,1309,1303,6,893,682,1043,888,1751,3965,0,16395,0.0792,0.1793,0.7415,0.2906,0.4338,0.2756,451,22111,0,473,4700211,8
2018-10-25,1312,1306,6,894,703,1049,891,2568,5718,0,16873,0.1021,0.2273,0.6707,0.3097,0.4814,0.209,484,25159,0,472,4726620,11
2018-10-26,1328,1322,6,909,692,1060,886,1824,3851,0,17778,0.0778,0.1642,0.758,0.323,0.3784,0.2986,509,23453,0,473,4751409,7
2018-10-27,1342,1336,6,738,388,1063,889,980,784,0,4265,0.1625,0.13,0.7074,0.4666,0.2617,0.2716,112,6029,0,473,4757772,3
2018-10-28,1346,1340,6,650,245,1072,896,282,188,0,3478,0.0714,0.0476,0.881,0.4877,0.1376,0.3747,89,3948,0,473,4761866,1
2018-10-29,1338,1332,6,892,640,1081,904,1180,2859,0,15798,0.0595,0.1441,0.7964,0.2674,0.384,0.3486,381,19837,0,474,4782807,8
2018-10-30,1339,1334,5,922,715,1067,899,1933,3761,0,18871,0.0787,0.1531,0.7682,0.3381,0.3416,0.3203,416,24565,0,476,4808646,5
2018-10-31,1329,1324,5,922,719,1067,910,1483,5021,0,19182,0.0577,0.1955,0.7468,0.2846,0.4583,0.2571,503,25686,0,485,4835635,5
2018-11-01,1339,1334,5,944,737,1073,924,1625,6228,0,18874,0.0608,0.233,0.7062,0.279,0.4716,0.2494,423,26727,0,493,4863846,8
2018-11-02,1348,1343,5,929,673,1080,948,640,3326,0,11418,0.0416,0.2162,0.7422,0.2123,0.5388,0.2489,266,15384,0,502,4879817,4
2018-11-03,1349,1344,5,779,410,1078,952,601,859,0,4840,0.0954,0.1363,0.7683,0.3796,0.3168,0.3035,95,6300,0,501,4886383,0
2018-11-04,1349,1344,5,651,268,1074,959,280,272,0,2754,0.0847,0.0823,0.833,0.4862,0.1786,0.3351,42,3306,0,501,4889828,1
2018-11-05,1353,1348,5,972,723,1093,972,1604,5371,0,14228,0.0756,0.2533,0.671,0.2922,0.5333,0.1745,305,21203,0,505,4912218,11
2018-11-06,1355,1350,5,969,808,1102,973,2082,7569,0,20095,0.07,0.2545,0.6756,0.261,0.5357,0.2033,473,29746,0,506,4943246,12
2018-11-07,1356,1351,5,950,804,1097,968,2533,6111,1,18295,0.094,0.2268,0.6791,0.3185,0.4635,0.218,506,26939,0,509,4971565,13
2018-11-08,1361,1356,5,977,806,1107,976,2527,7377,0,20976,0.0818,0.2389,0.6793,0.2717,0.5166,0.2117,565,30880,0,507,5004045,144
2018-11-09,1364,1359,5,951,811,1111,976,1748,7793,0,21326,0.0566,0.2525,0.6909,0.2654,0.4766,0.258,517,30867,0,512,5036122,9
2018-11-10,1366,1361,5,851,510,1108,974,1414,1245,0,7985,0.1328,0.117,0.7502,0.3748,0.296,0.3291,145,10644,0,513,5047189,2
2018-11-11,1368,1363,5,658,260,1106,979,418,370,0,3145,0.1063,0.0941,0.7996,0.4711,0.1649,0.364,77,3933,0,513,5051273,1
2018-11-12,1371,1366,5,807,409,1089,976,413,594,1,6621,0.0541,0.0779,0.868,0.3268,0.1911,0.4821,135,7628,0,513,5059387,6
2018-11-13,1374,1369,5,968,720,1097,976,1499,4653,2,17399,0.0636,0.1976,0.7388,0.2904,0.4661,0.2435,380,23551,0,514,5084030,10
2018-11-14,1385,1380,5,1012,802,1110,985,1750,5857,0,23009,0.0572,0.1913,0.7515,0.2574,0.4581,0.2845,545,30616,0,519,5116123,12
2018-11-15,1393,1388,5,988,792,1114,992,1731,5670,0,23074,0.0568,0.1861,0.7571,0.224,0.4886,0.2874,581,30475,0,519,5148355,13
2018-11-16,1398,1393,5,1012,856,1123,1023,1614,5999,0,25678,0.0485,0.1802,0.7713,0.2246,0.4879,0.2876,504,33291,0,522,5183136,8
2018-11-17,1400,1395,5,964,605,1129,1030,1339,1836,0,9998,0.1016,0.1394,0.759,0.4885,0.3089,0.2026,231,13173,0,523,5196828,4
2018-11-18,1402,1397,5,684,267,1134,1031,249,399,0,4580,0.0476,0.0763,0.8761,0.3263,0.1908,0.4829,82,5228,0,525,5202080,0
2018-11-19,1391,1386,5,807,390,1138,1028,424,1194,0,4601,0.0682,0.192,0.7398,0.3988,0.3156,0.2856,105,6219,0,525,5208949,5
2018-11-20,1394,1389,5,780,369,1133,1014,262,727,0,5578,0.0399,0.1107,0.8494,0.3362,0.2808,0.3829,109,6567,0,525,5216211,4
2018-11-21,1399,1394,5,740,334,1123,993,398,715,0,4649,0.0691,0.1241,0.8068,0.3916,0.2825,0.3258,79,5762,0,524,5222605,5
2018-11-22,1402,1397,5,652,250,1120,967,200,453,0,3705,0.0459,0.1039,0.8502,0.3899,0.2337,0.3764,51,4358,0,524,5227331,4
2018-11-23,1404,1399,5,631,203,1101,806,146,349,0,1958,0.0595,0.1423,0.7982,0.3924,0.3146,0.293,47,2453,0,524,5230005,33
2018-11-24,1436,1401,35,643,206,1078,673,198,517,0,2582,0.0601,0.1568,0.7831,0.3994,0.2444,0.3562,49,3297,0,524,5233714,0
2018-11-25,1446,1402,44,634,250,1091,667,200,589,0,4012,0.0417,0.1227,0.8357,0.3228,0.245,0.4323,108,4801,0,526,5238746,2
2018-11-26,1472,1404,68,1016,736,1154,881,1284,4463,0,16742,0.0571,0.1985,0.7445,0.2886,0.4594,0.252,403,22489,0,526,5262339,8
2018-11-27,1484,1407,77,1067,894,1187,1001,1727,7682,0,20583,0.0576,0.2561,0.6863,0.2173,0.587,0.1957,482,29992,0,528,5289379,7
2018-11-28,1502,1414,88,1093,879,1209,1027,2195,9038,0,21572,0.0669,0.2755,0.6576,0.21,0.6116,0.1784,691,32805,0,531,5323780,6
2018-11-29,1505,1416,89,1064,846,1220,1040,1737,5195,0,19453,0.0658,0.1969,0.7373,0.3052,0.4372,0.2575,473,26385,0,532,5351466,11
2018-11-30,1431,1421,10,1065,848,1238,1052,2046,6751,0,20636,0.0695,0.2294,0.7011,0.3303,0.4728,0.1969,451,29433,0,537,5382265,5
2018-12-01,1433,1423,10,935,582,1234,1047,1284,1992,0,8654,0.1076,0.167,0.7254,0.3639,0.3487,0.2873,314,11930,0,538,5394828,1
2018-12-02,1435,1425,10,763,324,1231,1044,540,1495,0,5740,0.0695,0.1923,0.7383,0.4043,0.254,0.3417,155,7775,0,538,5402834,0
2018-12-03,1436,1426,10,934,671,1214,1037,1801,4392,0,13632,0.0908,0.2215,0.6876,0.3221,0.4394,0.2385,442,19825,0,540,5423635,12
2018-12-04,1434,1424,10,1014,838,1208,1030,1932,7540,0,21092,0.0632,0.2467,0.6901,0.1978,0.5986,0.2036,598,30564,0,543,5455768,8
2018-12-05,1444,1434,10,1042,836,1188,1017,2584,6763,0,21743,0.0831,0.2175,0.6994,0.3016,0.4639,0.2345,602,31090,0,543,5488429,7
2018-12-06,1452,1442,10,1027,824,1174,1011,1838,7802,0,22165,0.0578,0.2453,0.6969,0.207,0.5656,0.2274,577,31805,0,548,5521836,13
2018-12-07,1450,1441,9,1067,877,1174,1012,2044,5731,0,25315,0.0618,0.1732,0.765,0.3216,0.4057,0.2727,536,33090,0,555,5556517,21
2018-12-08,1455,1445,10,949,633,1178,1010,883,1713,0,9854,0.0709,0.1376,0.7915,0.3804,0.3097,0.3099,213,12450,0,558,5569560,14
